代码,名称,最新价,总市值,上市时间,板块,概念
688808,联讯仪器,2231.01,229050000000.0,,,
688498,XD源杰科,1700.03,211654000000.0,,,
600519,贵州茅台,1237.0,1546351000000.0,2001-08-27,,
688256,寒武纪,1091.48,686382000000.0,,,
300308,中际旭创,895.86,1055242000000.0,2012-04-10,C 制造业,
688826,频准激光,828.74,33150000000.0,,,
688072,拓荆科技,700.9,204784000000.0,,,
002371,北方华创,653.06,473918999999.99994,2010-03-16,C 制造业,
300757,罗博特科,565.86,94843000000.0,2019-01-08,C 制造业,
688802,沐曦股份-U,556.86,222800000000.0,,,
920045,蘅东光,542.6,51710000000.0,2025-12-31,计算机、通信和其他电子设备制造业,
688809,强一股份,498.0,64521000000.0,,,
688801,燧原科技-U,490.0,210871999999.99997,,,
688836,宇树科技-W,488.0,197379000000.0,,,
688627,精智达,458.05,46605000000.0,,,
688502,茂莱光学,444.6,23475000000.0,,,
688025,杰普特,444.59,42258000000.0,,,
601869,长飞光纤,438.0,362622000000.0,2018-07-20,,
300502,新易盛,435.0,606711000000.0,2016-03-03,C 制造业,
688795,摩尔线程-U,433.33,203677000000.0,,,
688630,芯碁微装,418.0,61239000000.0,,,
688766,普冉股份,408.7,60775000000.0,,,
688200,华峰测控,398.08,80061000000.0,,,
002916,深南电路,394.5,268719999999.99997,2017-12-13,C 制造业,
001309,德明利,394.43,89474000000.0,2022-07-01,C 制造业,
301666,大普微-UW,385.88,168327000000.0,2026-04-16,C 制造业,
603986,兆易创新,383.77,270163000000.0,2016-08-18,,
688835,高凯技术,380.85,38066000000.0,,,
301377,鼎泰高科,378.99,160709000000.0,2022-11-22,C 制造业,
301717,超纯应材,370.68,37752000000.0,2026-08-11,C 制造业,
688361,中科飞测,370.3,130365000000.00002,,,
688785,恒运昌,365.02,24712000000.0,,,
688027,国盾量子,364.0,37441000000.0,,,
688536,思瑞浦,346.81,47886000000.0,,,
688037,芯源微,344.98,69721000000.0,,,
603444,吉比特,342.0,24638000000.0,2017-01-04,,
688012,中微公司,339.3,324996000000.0,,,
688807,优迅股份,335.56,26845000000.0,,,
603061,金海通,333.85,29045000000.0,2023-03-03,,
301308,江波龙,331.77,152501000000.0,2022-08-05,C 制造业,
688048,长光华芯,329.66,58112000000.0,,,
688702,盛科通信-U,328.5,134684999999.99998,,,
301626,苏州天脉,324.39,37525000000.0,2024-10-24,C 制造业,
301205,联特科技,308.0,40066000000.0,2022-09-13,C 制造业,
301183,东田微,306.6,24551000000.0,2022-05-24,C 制造业,
688082,盛美上海,304.11,147574000000.0,,,
688519,南亚新材,295.08,69397000000.0,,,
688167,炬光科技,293.84,38240000000.0,,,
300750,宁德时代,293.5,1358095000000.0,2018-06-11,C 制造业,
603129,春风动力,290.75,44625000000.0,2017-08-18,,
688017,绿的谐波,284.34,52128000000.0,,,
688635,长进光子,282.8,26489999999.999996,,,
300620,光库科技,278.0,69272000000.0,2017-03-10,C 制造业,
688797,臻宝科技,276.18,42888000000.0,,,
301629,矽电股份,274.31,11446000000.0,2025-03-24,C 制造业,
300489,光智科技,271.15,37733000000.0,2015-07-01,C 制造业,
300857,协创数据,268.58,131433000000.0,2020-07-27,C 制造业,
300394,天孚通信,267.93,292265000000.0,2015-02-17,C 制造业,
300604,长川科技,261.0,168497000000.0,2017-04-17,C 制造业,
301686,C中塑股份,258.08,12731000000.0,2026-09-22,C 制造业,
688235,百济神州,258.0,397910000000.0,,,
688052,纳芯微,253.01,41368000000.0,,,
688041,海光信息,248.3,577133000000.0,,,
688120,华海清科,247.17,122666000000.00002,,,
300666,江丰电子,243.62,67232000000.00001,2017-06-15,C 制造业,
301200,大族数控,243.52,119083000000.0,2022-02-28,C 制造业,
688506,百利天恒,239.3,98801000000.0,,,
301345,涛涛车业,236.46,25786000000.0,2023-03-21,C 制造业,
688617,惠泰医疗,236.04,33407000000.0,,,
300476,胜宏科技,232.69,228684000000.0,2015-06-11,C 制造业,
688668,鼎通科技,232.0,32311000000.0,,,
300548,长芯博创,231.02,68112000000.0,2016-10-12,C 制造业,
688019,安集科技,225.66,51530999999.99999,,,
688347,华虹宏力,224.1,432176000000.0,,,
688111,金山办公,222.03,103025000000.0,,,
300570,太辰光,219.11,49766000000.0,2016-12-06,C 制造业,
603893,瑞芯微,219.05,92690000000.0,2020-02-07,,
603268,松发股份,215.9,219941000000.0,2015-03-19,,
301630,同宇新材,215.4,12062000000.0,2025-07-10,C 制造业,
688008,澜起科技,214.5,261805000000.00003,,,
688279,峰岹科技,213.56,24584000000.0,,,
603186,华正新材,213.3,33443000000.0,2017-01-03,,
688146,中船特气,212.99,112758999999.99998,,,
688525,佰维存储,211.01,100616000000.0,,,
688205,德科立,210.68,33548000000.0,,,
603083,剑桥科技,209.63,77196000000.0,2017-11-10,,
688521,芯原股份,207.45,109101000000.0,,,
301486,致尚科技,206.0,26520999999.999996,2023-07-07,C 制造业,
300033,同花顺,204.1,153614000000.0,2009-12-25,J 金融业,
688692,达梦数据,202.77,22962000000.0,,,
300567,精测电子,202.7,56704999999.99999,2016-11-22,C 制造业,
300870,欧陆通,202.1,30849000000.0,2020-08-24,C 制造业,
001232,嘉立创,199.48,110823000000.0,2026-08-04,C 制造业,
300751,迈为股份,194.5,54246000000.0,2018-11-09,C 制造业,
300672,国科微,193.3,41966000000.0,2017-07-12,C 制造业,
688143,长盈通,191.35,24642000000.0,,,
300835,龙磁科技,189.93,22649000000.0,2020-05-25,C 制造业,
688195,腾景科技,188.12,34067000000.0,,,
688409,富创精密,186.02,56961000000.0,,,
002384,东山精密,185.99,340661000000.0,2010-04-09,C 制造业,
002281,光迅科技,181.99,150660000000.0,2009-08-21,C 制造业,
001389,广合科技,181.16,85639000000.0,2024-04-02,C 制造业,
688002,睿创微纳,178.85,83264000000.0,,,
002821,凯莱英,178.3,64535000000.0,2016-11-18,C 制造业,
301396,宏景科技,176.85,38009000000.0,2022-11-11,I 信息技术,
603991,领先股份,175.89,26860000000.000004,2017-03-08,,
300475,香农芯创,172.87,81170000000.0,2015-06-10,F 批发零售,
301392,汇成真空,169.51,16951000000.0,2024-06-05,C 制造业,
002850,科达利,169.27,48467000000.0,2017-03-02,C 制造业,
688300,联瑞新材,167.8,40519000000.0,,,
688392,骄成超声,167.0,19327000000.0,,,
301086,鸿富瀚,166.89,21005000000.0,2021-10-20,C 制造业,
688610,埃科光电,165.04,11223000000.0,,,
603259,药明康德,162.4,492868000000.0,2018-05-08,,
688411,海博思创,161.01,29377000000.0,,,
688123,聚辰股份,159.55,25364000000.0,,,
301589,诺瓦星云,159.1,14708000000.000002,2024-02-08,C 制造业,
688313,仕佳光子,157.3,71097000000.0,,,
300972,万辰集团,155.26,30649000000.0,2021-04-19,F 批发零售,
603929,亚翔集成,154.2,32900000000.0,2016-12-30,,
300760,迈瑞医疗,153.86,186447000000.0,2018-10-16,C 制造业,
688515,裕太微-U,152.5,12200000000.0,,,
603256,宏和科技,152.0,137497000000.0,2019-07-19,,
688813,泰金新能,150.07,24011000000.0,,,
688020,方邦股份,150.05,12368000000.0,,,
301369,联动科技,149.41,15297000000.0,2022-09-22,C 制造业,
301047,义翘神州,146.86,17864000000.0,2021-08-16,M 科研服务,
920125,鸿仕达,146.83,8245999999.999999,2026-04-24,专用设备制造业,
688652,京仪装备,144.05,24200000000.0,,,
688383,新益昌,143.01,14536000000.000002,,,
688622,*ST禾信,142.39,10034000000.0,,,
300454,深信服,141.99,61277000000.0,2018-05-16,I 信息技术,
301583,托伦斯,141.89,26317000000.0,2026-07-10,C 制造业,
688507,索辰科技,141.09,12572000000.0,,,
300223,君正股份,140.31,72253000000.0,2011-05-31,C 制造业,
688368,晶丰明源,140.21,28576000000.0,,,
688531,日联科技,138.5,22935000000.0,,,
300814,中富电路,138.43,26500000000.0,2021-08-12,C 制造业,
600183,生益科技,137.33,333575000000.0,1998-10-28,,
301373,凌玮科技,136.68,14826000000.0,2023-02-08,C 制造业,
688686,奥普特,136.3,16661000000.000002,,,
688585,上纬新材,136.2,54938000000.0,,,
301529,福赛科技,136.01,16107000000.0,2023-09-11,C 制造业,
605376,博迁新材,133.01,34795000000.0,2020-12-08,,
002409,雅克科技,132.62,63117999999.99999,2010-05-25,C 制造业,
688656,浩欧博,132.15,8394000000.0,,,
688268,华特气体,132.03,16858000000.000002,,,
603124,江南新材,131.82,19212000000.0,2025-03-20,,
301536,星宸科技,130.6,55178000000.0,2024-03-28,C 制造业,
300776,帝尔激光,129.97,37072000000.0,2019-05-17,C 制造业,
003031,中瓷电子,129.35,58344000000.00001,2021-01-04,C 制造业,
688662,富信科技,128.28,14713999999.999998,,,
688820,盛合晶微,128.02,238471999999.99997,,,
688796,百奥赛图,126.54,56551000000.0,,,
688137,近岸蛋白,125.25,8757000000.0,,,
002028,思源电气,125.22,97994000000.0,2004-08-05,C 制造业,
688603,天承科技,125.12,15606000000.0,,,
688125,安达智能,124.52,10264000000.0,,,
301489,思泉新材,124.31,14456000000.0,2023-10-24,C 制造业,
002463,沪电股份,124.05,238717000000.0,2010-08-18,C 制造业,
920982,锦波生物,123.4,14199000000.0,2023-07-20,医药制造业,
300408,三环集团,123.31,246215000000.0,2014-12-03,C 制造业,
300843,胜蓝股份,122.91,20121000000.0,2020-07-02,C 制造业,
002851,麦格米特,122.61,71728000000.0,2017-03-06,C 制造业,
301234,五洲医疗,122.6,8337000000.0,2022-07-05,C 制造业,
300866,安克创新,122.6,72264000000.0,2020-08-24,C 制造业,
688028,沃尔德,122.6,18506000000.0,,,
301603,乔锋智能,122.11,14746000000.0,2024-07-10,C 制造业,
301080,百普赛斯,121.41,20358000000.0,2021-10-18,M 科研服务,
300661,圣邦股份,120.55,82708000000.0,2017-06-06,C 制造业,
600563,法拉电子,120.31,27070000000.0,2002-12-10,,
688981,中芯国际,119.98,1027301000000.0,,,
688485,九州一轨,119.94,18026000000.0,,,
688110,东芯股份,118.73,52523000000.0,,,
688018,乐鑫科技,118.64,27807000000.0,,,
300684,中石科技,118.62,35528000000.0,2017-12-27,C 制造业,
301128,强瑞技术,117.7,17044999999.999998,2021-11-10,C 制造业,
600436,片仔癀,117.4,70829000000.0,2003-06-16,,
920438,戈碧迦,117.31,16947000000.0,2024-03-25,非金属矿物制品业,
688112,鼎阳科技,117.08,18686000000.0,,,
688629,华丰科技,116.8,54691999999.99999,,,
688331,荣昌生物,116.28,65637000000.0,,,
002353,杰瑞股份,116.02,118788000000.00002,2010-02-05,C 制造业,
301592,六九一二,115.97,8118000000.000001,2024-10-24,I 信息技术,
301362,民爆光电,114.79,16753000000.0,2023-08-04,C 制造业,
688169,石头科技,114.6,29745999999.999996,,,
688183,生益电子,114.08,98139000000.0,,,
301628,强达电路,113.5,8555000000.0,2024-10-31,C 制造业,
603297,永新光学,113.32,12548000000.0,2018-09-10,,
301682,宏明电子,113.1,13747000000.0,2026-03-25,C 制造业,
688372,伟测科技,112.78,19059000000.0,,,
688141,杰华特,112.4,51127000000.0,,,
301563,云汉芯城,112.32,9508000000.0,2025-09-30,F 批发零售,
301217,铜冠铜箔,112.3,93098000000.0,2022-01-27,C 制造业,
301165,锐捷网络,111.7,124393000000.0,2022-11-21,C 制造业,
600809,山西汾酒,111.18,135635999999.99998,1994-01-06,,
688359,三孚新科,111.09,11073000000.0,,,
688147,微导纳米,111.0,51555999999.99999,,,
002975,博杰股份,110.9,23082000000.0,2020-02-05,C 制造业,
688628,优利德,110.89,12463000000.0,,,
605499,XD东鹏饮,110.83,81371000000.0,2021-05-27,,
920493,并行科技,110.68,6705000000.0,2023-11-01,软件和信息技术服务业,
603175,超颖电子,110.39,48244000000.0,2025-10-24,,
688234,天岳先进,110.35,53478000000.0,,,
001326,联域股份,110.15,8063000000.0,2023-11-09,C 制造业,
688266,泽璟制药-U,108.95,28839999999.999996,,,
688608,恒玄科技,108.88,25792000000.0,,,
688535,华海诚科,108.84,15594000000.0,,,
688325,赛微微电,108.83,9410000000.0,,,
688260,昀冢科技,108.64,13037000000.0,,,
688333,铂力特,108.27,29701000000.0,,,
002980,华盛昌,108.11,20369000000.0,2020-04-15,C 制造业,
688202,美迪西,107.91,14497999999.999998,,,
688790,昂瑞微-UW,106.17,10567000000.0,,,
603629,利通电子,105.89,38833000000.0,2018-12-24,,
301326,捷邦科技,105.22,7651000000.000001,2022-09-21,C 制造业,
688667,菱电电控,104.83,5524000000.0,,,
688047,龙芯中科,104.7,41985000000.0,,,
300990,同飞股份,104.53,17897000000.0,2021-05-12,C 制造业,
688578,艾力斯,104.22,46899000000.0,,,
688031,星环科技-U,103.7,14015000000.0,,,
300903,科翔股份,103.6,45106000000.0,2020-11-05,C 制造业,
603228,景旺电子,103.55,103686999999.99998,2017-01-06,,
688131,皓元医药,103.54,22078000000.0,,,
301511,德福科技,103.3,65112000000.0,2023-08-17,C 制造业,
000988,华工科技,102.9,103466000000.00002,2000-06-08,C 制造业,
301683,慧谷新材,102.79,6488000000.0,2026-04-01,C 制造业,
688661,和林微纳,102.5,15569000000.0,,,
301680,固德电材,102.45,8483000000.0,2026-03-06,C 制造业,
688271,联影医疗,102.41,84402000000.0,,,
300939,秋田微,102.33,12280000000.0,2021-01-28,C 制造业,
605289,罗曼股份,102.05,15574000000.0,2021-04-26,,
688233,神工股份,100.36,17091999999.999998,,,
301338,凯格精机,99.92,14884000000.0,2022-08-16,C 制造业,
301031,中熔电气,99.48,14538999999.999998,2021-07-15,C 制造业,
001270,铖昌科技,99.26,20459000000.0,2022-06-06,C 制造业,
301306,西测测试,98.28,8295000000.0,2022-07-26,M 科研服务,
301285,鸿日达,98.24,20303000000.0,2022-09-28,C 制造业,
603773,沃格光电,97.7,21951000000.0,2018-04-17,,
301018,申菱环境,97.6,36530000000.0,2021-07-07,C 制造业,
600941,中国移动,97.45,2113782000000.0,2022-01-05,,
688220,翱捷科技-U,97.36,40726000000.0,,,
688160,步科股份,97.36,8881000000.0,,,
300953,震裕科技,96.8,23731000000.0,2021-03-18,C 制造业,
688710,益诺思,96.0,13534000000.0,,,
300395,菲利华,95.56,50238000000.0,2014-09-10,C 制造业,
301319,唯特偶,95.33,17394000000.0,2022-09-29,C 制造业,
688188,柏楚电子,95.25,38629000000.0,,,
920211,新睿电子,95.0,3268000000.0,2026-06-05,仪器仪表制造业,
688356,键凯科技,94.79,5749000000.0,,,
301611,珂玛科技,94.53,41215000000.0,2024-08-16,C 制造业,
688332,中科蓝讯,93.84,16749000000.0,,,
301488,豪恩汽电,93.8,9540000000.0,2023-07-04,C 制造业,
301357,北方长龙,93.6,8911000000.0,2023-04-18,C 制造业,
301696,三瑞智能,93.53,37413000000.0,2026-04-10,C 制造业,
688213,思特威-W,93.41,37579000000.0,,,
301550,斯菱智驱,92.71,31089999999.999996,2023-09-15,C 制造业,
601100,恒立液压,92.3,123758000000.0,2011-10-28,,
300896,爱美客,92.26,27917000000.0,2020-09-28,C 制造业,
688828,国仪公司-U,92.2,36881000000.0,,,
688068,热景生物,91.89,8523000000.0,,,
003033,征和工业,91.74,7500000000.0,2021-01-11,C 制造业,
000596,古井贡酒,91.66,48451000000.0,1996-09-27,C 制造业,
002428,云南锗业,91.63,59845000000.00001,2010-06-08,C 制造业,
920725,惠丰钻石,91.62,8363000000.0,2022-07-18,非金属矿物制品业,
300959,线上线下,91.04,7317000000.0,2021-03-22,I 信息技术,
688775,影石创新,90.78,36403000000.0,,,
300951,博硕科技,90.72,15368000000.0,2021-02-26,C 制造业,
688787,海天瑞声,89.9,5423000000.0,,,
301232,飞沃科技,89.52,9425000000.0,2023-06-15,C 制造业,
688099,晶晨股份,89.52,37896000000.0,,,
688322,奥比中光-W,89.51,36953000000.0,,,
688301,奕瑞科技,89.1,27925000000.0,,,
002008,大族激光,89.09,91727000000.0,2004-06-25,C 制造业,
688059,华锐精密,88.99,12457000000.0,,,
301251,威尔高,88.78,16741000000.0,2023-09-06,C 制造业,
688258,卓易信息,88.14,10677000000.0,,,
300373,扬杰科技,88.13,47885000000.0,2014-01-23,C 制造业,
300236,上海新阳,87.95,27562000000.0,2011-06-29,C 制造业,
001359,平安电工,87.89,21195000000.0,2024-03-28,C 制造业,
920298,腾信精密,87.88,6855000000.0,2026-09-16,通用设备制造业,
301269,华大九天,87.56,47972000000.0,2022-07-29,I 信息技术,
920178,锐翔智能,87.56,5774000000.0,2026-05-15,专用设备制造业,
301196,唯科科技,87.2,14319000000.0,2022-01-11,C 制造业,
688615,合合信息,87.11,17074000000.0,,,
301312,智立方,87.0,14661000000.000002,2022-07-11,C 制造业,
301557,常友科技,86.9,5390000000.0,2025-03-04,C 制造业,
300613,富瀚微,86.88,20234000000.0,2017-02-20,I 信息技术,
002913,奥士康,86.8,27547000000.000004,2017-12-01,C 制造业,
688605,先锋精科,86.59,17524000000.0,,,
688433,华曙高科,86.5,35947000000.0,,,
301021,英诺激光,86.15,13169999999.999998,2021-07-06,C 制造业,
002718,友邦吊顶,85.96,11127000000.0,2014-01-28,C 制造业,
603290,斯达半导,85.95,20583000000.0,2020-02-04,,
688308,欧科亿,85.35,13552000000.000002,,,
603459,红板科技,85.16,64190000000.0,2026-04-08,,
688016,心脉医疗,85.01,10479000000.0,,,
301191,菲菱科思,84.73,8209999999.999999,2022-05-26,C 制造业,
300436,广生堂,84.68,14228000000.0,2015-04-22,C 制造业,
688228,开普云,84.44,5704000000.0,,,
688583,思看科技,84.38,10443000000.0,,,
002594,比亚迪,84.34,768944000000.0,2011-06-30,C 制造业,
688508,芯朋微,84.29,11162000000.0,,,
300274,阳光电源,84.21,174585000000.0,2011-11-02,C 制造业,
301085,亚康股份,83.99,7288000000.0,2021-10-18,I 信息技术,
301689,电科思仪,83.88,77833000000.0,2026-09-10,C 制造业,
688696,极米科技,83.58,5852000000.0,,,
688090,瑞松科技,83.31,13222999999.999998,,,
300811,铂科新材,83.28,33964000000.0,2019-12-30,C 制造业,
002938,鹏鼎控股,82.94,192216000000.0,2018-09-18,C 制造业,
002920,德赛西威,82.88,49464000000.0,2017-12-26,C 制造业,
002779,中坚科技,82.86,15313000000.0,2015-12-09,C 制造业,
300868,杰美特,82.84,10535000000.0,2020-08-24,C 制造业,
688029,南微医学,82.76,15546000000.0,,,
603516,淳中科技,82.68,16806000000.0,2018-02-02,,
000333,美的集团,82.65,630604000000.0,2013-09-18,C 制造业,
603019,中科曙光,82.17,120224000000.0,2014-11-06,,
603163,圣晖集成,82.0,8200000000.0,2022-10-13,,
688185,康希诺,81.61,20161000000.0,,,
603501,豪威集团,81.4,102385000000.0,2017-05-04,,
688103,国力电子,81.24,7743000000.000001,,,
688677,海泰新光,81.01,9711000000.0,,,
002636,金安国纪,80.88,58880999999.99999,2011-11-25,C 制造业,
688646,逸飞激光,80.66,7595000000.0,,,
600259,中稀有色,80.37,27039000000.0,2000-05-25,,
688328,深科达,80.3,7584999999.999999,,,
001400,江顺科技,80.21,6738000000.0,2025-04-24,C 制造业,
688777,中控技术,80.02,63311000000.0,,,
605123,派克新材,80.0,9694000000.0,2020-08-25,,
603306,华懋科技,79.92,26333000000.0,2014-09-26,,
688353,华盛锂电,79.86,12738000000.0,,,
688416,恒烁股份,79.71,8599000000.0,,,
603115,海星股份,79.4,19420000000.0,2019-08-09,,
688003,天准科技,79.3,15446000000.0,,,
603296,华勤技术,79.11,119915000000.00002,2023-08-08,,
300936,中英科技,78.94,5936000000.0,2021-01-26,C 制造业,
301421,波长光电,78.84,9123000000.0,2023-08-23,C 制造业,
603580,艾艾精工,78.74,10289000000.0,2017-05-25,,
688035,德邦科技,78.54,11172000000.0,,,
301600,慧翰股份,78.5,8205000000.0,2024-09-11,C 制造业,
603301,振德医疗,78.48,20709000000.0,2018-04-12,,
300969,恒帅股份,78.26,12844000000.0,2021-04-12,C 制造业,
002768,国恩股份,78.01,34058999999.999996,2015-06-30,C 制造业,
688318,财富趋势,78.0,27968000000.0,,,
301707,展芯股份,77.71,31954000000.000004,2026-08-07,C 制造业,
301323,新莱福,77.58,8269000000.0,2023-06-06,C 制造业,
688293,奥浦迈,77.45,11013000000.0,,,
688261,东微半导,77.3,9480000000.0,,,
688309,恒誉科技,77.2,6130000000.0,,,
688227,品高股份,77.0,8705000000.0,,,
603345,XD安井食,76.93,25639999999.999996,2017-02-22,,
301123,奕东电子,76.8,18020000000.0,2022-01-25,C 制造业,
688545,兴福电子,76.68,27605000000.0,,,
002827,高争民爆,76.59,21219000000.0,2016-12-09,C 制造业,
688693,锴威特,76.53,5639000000.0,,,
605117,德业股份,76.47,97368000000.0,2021-04-20,,
605318,法狮龙,76.46,9613000000.0,2020-08-03,,
301568,思泰克,76.3,7879000000.000001,2023-11-28,C 制造业,
300964,本川智能,76.26,8148999999.999999,2021-08-05,C 制造业,
001339,智微智能,76.18,24913000000.0,2022-08-15,C 制造业,
688503,聚和材料,76.01,18397000000.0,,,
301189,奥尼电子,75.79,12402000000.0,2021-12-28,C 制造业,
300782,卓胜微,75.78,43573000000.0,2019-06-18,C 制造业,
688456,有研粉材,75.12,7787000000.0,,,
301095,广立微,74.96,15013000000.0,2022-08-05,I 信息技术,
688114,华大智造,74.94,31214000000.0,,,
688073,毕得医药,74.55,6775000000.0,,,
301520,万邦医药,74.19,6912000000.0,2023-09-25,M 科研服务,
688625,呈和科技,74.1,19241000000.0,,,
301528,多浦乐,73.96,6638000000.0,2023-08-28,C 制造业,
002290,禾盛新材,73.89,18333000000.0,2009-09-03,C 制造业,
688655,迅捷兴,73.8,9844000000.0,,,
603087,甘李药业,73.44,43875000000.0,2020-06-29,,
301366,一博科技,73.18,15334000000.0,2022-09-26,C 制造业,
300852,四会富仕,72.95,11710000000.0,2020-07-13,C 制造业,
688621,阳光诺和,72.75,8148000000.0,,,
603236,移远通信,72.68,29462000000.0,2019-07-16,,
301045,天禄科技,72.49,7997000000.0,2021-08-13,C 制造业,
603979,金诚信,72.35,45131000000.0,2015-06-30,,
920201,N百瑞吉,72.35,4936000000.0,2026-09-24,医药制造业,
688109,品茗科技,72.29,5700000000.0,,,
301571,国科天成,72.16,12947000000.0,2024-08-21,C 制造业,
300820,英杰电气,71.94,15985000000.0,2020-02-13,C 制造业,
000408,藏格矿业,71.46,112115000000.00002,1996-06-28,C 制造业,
002025,航天电器,71.35,32394000000.0,2004-07-26,C 制造业,
688190,云路股份,71.2,8544000000.0,,,
688198,佰仁医疗,71.16,9802000000.0,,,
603150,万朗磁塑,71.14,6081000000.0,2022-01-24,,
000661,长春高新,70.85,28902000000.0,1996-12-18,C 制造业,
688401,路维光电,70.76,14532000000.0,,,
601799,星宇股份,70.71,20200000000.0,2011-02-01,,
000568,泸州老窖,70.65,103990000000.00002,1994-05-09,C 制造业,
300037,新宙邦,70.58,53209000000.0,2010-01-08,C 制造业,
301132,满坤科技,70.37,10421000000.0,2022-08-10,C 制造业,
920181,赛英电子,70.24,3034000000.0,2026-04-10,电气机械和器材制造业,
300054,鼎龙股份,70.11,66929000000.0,2010-02-11,C 制造业,
920186,中科仪,70.02,15672999999.999998,2026-04-29,通用设备制造业,
300285,国瓷材料,70.0,69793000000.0,2012-01-13,C 制造业,
688480,赛恩斯,70.0,6797000000.0,,,
000977,浪潮信息,69.9,102647000000.0,2000-06-08,C 制造业,
003021,兆威机电,69.87,18720000000.0,2020-12-04,C 制造业,
605178,时空科技,69.75,6911000000.0,2020-08-21,,
000858,五 粮 液,69.67,270432000000.00003,1998-04-27,C 制造业,
600309,万华化学,69.45,217411000000.0,2001-01-05,,
603713,密尔克卫,69.43,12084000000.0,2018-07-13,,
301071,力量钻石,69.04,17567000000.0,2021-09-24,C 制造业,
301182,凯旺科技,68.91,6603000000.0,2021-12-23,C 制造业,
688375,国博电子,68.88,41054000000.0,,,
600584,XD长电科,68.78,123076000000.0,2003-06-03,,
688032,禾迈股份,68.73,8528000000.0,,,
300487,蓝晓科技,68.71,34983000000.0,2015-07-02,C 制造业,
603650,彤程新材,68.68,42312000000.0,2018-06-27,,
688699,明微电子,68.65,7556000000.0,,,
688170,德龙激光,68.65,7095999999.999999,,,
603391,力聚热能,68.3,6215000000.0,2024-07-31,,
301590,优优绿能,68.08,4008000000.0,2025-06-05,C 制造业,
002222,福晶科技,68.07,32010000000.000004,2008-03-19,C 制造业,
603757,大元泵业,68.05,12695000000.0,2017-07-11,,
300442,润泽科技,68.01,111607000000.0,2015-04-24,I 信息技术,
688720,艾森股份,67.8,8315000000.000001,,,
301093,华兰股份,67.75,14440000000.0,2021-11-01,C 制造业,
688275,万润新能,67.64,8531000000.0,,,
688001,华兴源创,67.57,31864000000.0,,,
688115,思林杰,67.38,6289000000.0,,,
600487,亨通光电,67.38,166186000000.0,2003-08-22,,
301393,昊帆生物,66.98,7234000000.0,2023-07-12,C 制造业,
688669,聚石化学,66.92,8120000000.0,,,
603257,中国瑞林,66.91,8029000000.000001,2025-04-08,,
300689,澄天伟业,66.87,7730000000.0,2017-08-09,C 制造业,
688611,杭州柯林,66.43,10190000000.0,,,
688011,新光光电,66.36,6603000000.0,,,
301075,多瑞医药,66.26,5301000000.0,2021-09-29,C 制造业,
300842,帝科股份,66.21,9619000000.0,2020-06-18,C 制造业,
301157,华塑科技,66.19,3971000000.0,2023-03-09,C 制造业,
605288,凯迪股份,66.19,6544000000.0,2020-06-01,,
920699,海达尔,66.18,4227000000.0000005,2023-05-09,金属制品业,
688127,蓝特光学,65.78,26700000000.0,,,
300553,集智股份,65.71,7295000000.0,2016-10-21,C 制造业,
002897,意华股份,65.71,12738000000.0,2017-09-07,C 制造业,
688448,磁谷科技,65.69,6406000000.0,,,
301360,荣旗科技,65.65,4581000000.0,2023-04-25,C 制造业,
002859,洁美科技,65.63,29773000000.0,2017-04-07,C 制造业,
301070,开勒股份,65.6,8277000000.0,2021-09-23,C 制造业,
301662,宏工科技,65.38,7584000000.0,2025-04-17,C 制造业,
300503,昊志机电,65.32,20294000000.0,2016-03-09,C 制造业,
001317,三羊马,65.3,5587000000.0,2021-11-30,G 运输仓储,
300909,汇创达,64.71,11193000000.0,2020-11-18,C 制造业,
301633,港迪技术,64.69,3602000000.0000005,2024-11-07,I 信息技术,
688596,正帆科技,64.69,20550000000.0,,,
920229,世纪数码,64.68,2868000000.0,2026-09-22,专用设备制造业,
688623,双元科技,64.67,5530000000.0,,,
688691,灿芯股份,64.35,7722000000.0,,,
688700,东威科技,64.3,19187000000.0,,,
605389,长龄液压,64.3,12024000000.0,2021-03-22,,
301333,诺思格,64.29,6209000000.0,2022-08-02,M 科研服务,
300816,艾可蓝,64.28,5142000000.0,2020-02-10,N 公共环保,
920238,长鹰硬科,64.09,6104000000.0,2026-07-24,金属制品业,
605198,安德利,63.91,20955000000.0,2020-09-18,,
002046,国机精工,63.9,34263000000.0,2005-05-26,C 制造业,
688343,云天励飞-U,63.85,22961000000.0,,,
301122,采纳股份,63.54,7767000000.0,2022-01-26,C 制造业,
002947,恒铭达,63.41,16218000000.0,2019-02-01,C 制造业,
003043,华亚智能,63.1,9014000000.0,2021-04-06,C 制造业,
688376,美埃科技,63.06,8529000000.000001,,,
300895,铜牛信息,62.69,8827000000.0,2020-09-24,I 信息技术,
300976,达瑞电子,62.43,11683000000.0,2021-04-19,C 制造业,
603822,ST嘉澳,62.42,4795000000.0,2016-04-28,,
603448,天博智能,62.17,7459999999.999999,2026-09-07,,
301631,壹连科技,62.07,7944000000.0,2024-11-22,C 制造业,
688676,金盘科技,62.06,28533999999.999996,,,
300260,新莱应材,62.0,25284000000.0,2011-09-06,C 制造业,
300720,海川智能,61.8,12043000000.0,2017-11-06,C 制造业,
688530,欧莱新材,61.71,9876000000.0,,,
002432,九安医疗,61.68,28754000000.000004,2010-06-10,C 制造业,
688800,瑞可达,61.65,17779000000.0,,,
688449,联芸科技,61.61,28341000000.000004,,,
603407,长裕集团,61.5,25084000000.0,2026-05-11,,
001280,中国铀业,61.36,126904000000.0,2025-12-03,B 采矿业,
002653,海思科,61.31,69948000000.0,2012-01-17,C 制造业,
688379,华光新材,61.27,5819000000.0,,,
920176,维琪科技,61.23,3602000000.0000005,2026-07-27,化学原料和化学制品制造业,
002896,中大力德,61.22,12031000000.0,2017-08-29,C 制造业,
002156,通富微电,61.02,97254000000.0,2007-08-16,C 制造业,
688230,芯导科技,61.01,7175000000.0,,,
688290,景业智能,61.0,6234000000.0,,,
601138,工业富联,61.0,1210490000000.0,2018-06-08,,
688601,力芯微,60.94,8147000000.0,,,
301556,托普云农,60.9,5194000000.0,2024-10-17,I 信息技术,
301209,联合化学,60.9,9549000000.0,2022-08-25,C 制造业,
301005,超捷股份,60.86,11440000000.0,2021-06-01,C 制造业,
688362,甬矽电子,60.85,27579000000.000004,,,
603402,陕西旅游,60.65,6097000000.0,2026-01-06,,
002049,紫光国微,60.6,51100000000.0,2005-06-06,C 制造业,
688045,必易微,60.58,4276000000.0,,,
688229,博睿数据,60.57,2689000000.0,,,
605058,澳弘电子,60.2,8604000000.0,2020-10-21,,
300671,富满微,60.15,13466999999.999998,2017-07-05,I 信息技术,
301225,恒勃股份,60.1,8660000000.0,2023-06-16,C 制造业,
603120,肯特催化,59.87,5412000000.0,2025-04-16,,
688385,复旦微电,59.78,49242000000.0,,,
605111,新洁能,59.7,24795000000.0,2020-09-28,,
688719,爱科赛博,59.32,6845000000.0,,,
688396,华润微,59.17,78590000000.0,,,
301389,隆扬电子,59.01,16729000000.0,2022-10-31,C 制造业,
688237,超卓航科,59.0,5291000000.0,,,
301248,杰创智能,58.91,9055000000.0,2022-04-20,I 信息技术,
002192,融捷股份,58.75,15255000000.000002,2007-12-05,B 采矿业,
688337,普源精电,58.61,12816999999.999998,,,
603800,洪田股份,58.59,12187000000.0,2015-12-10,,
301148,嘉戎技术,58.56,6822000000.0,2022-04-21,N 公共环保,
000962,东方钽业,58.52,30863000000.0,2000-01-20,C 制造业,
603052,可川科技,58.46,10984000000.0,2022-10-11,,
301176,逸豪新材,58.43,9879000000.0,2022-09-28,C 制造业,
300726,宏达电子,58.43,24064000000.0,2017-11-21,C 制造业,
301577,美信科技,58.41,2642000000.0,2024-01-24,C 制造业,
688559,海目星,58.33,14452000000.000002,,,
688056,莱伯泰科,58.24,3928000000.0,,,
301003,江苏博云,58.22,5655000000.0,2021-06-01,C 制造业,
688257,新锐股份,58.21,20680000000.0,,,
301008,宏昌科技,58.14,7614000000.0,2021-06-11,C 制造业,
920808,曙光数创,58.13,11626000000.0,2022-11-18,通用设备制造业,
301307,美利信,58.11,12238000000.0,2023-04-24,C 制造业,
302132,中航成飞,58.1,155249000000.0,2010-08-27,C 制造业,
605255,天普股份,58.1,7790000000.000001,2020-08-25,,
003004,声迅股份,58.06,4753000000.0,2020-11-26,I 信息技术,
688326,经纬恒润-W,57.98,6954000000.000001,,,
002484,江海股份,57.96,49296000000.0,2010-09-29,C 制造业,
600118,中国卫星,57.91,68478000000.0,1997-09-08,,
688312,燕麦科技,57.79,8504000000.000001,,,
000628,高新发展,57.78,20355000000.0,1996-11-18,E 建筑业,
688581,安杰思,57.77,4664000000.0,,,
601336,新华保险,57.58,179623000000.0,2011-12-16,,
603026,石大胜华,57.54,13390000000.0,2015-05-29,,
688095,福昕软件,57.44,5248000000.0,,,
301580,爱迪特,57.43,8568000000.000001,2024-06-26,C 制造业,
300836,佰奥智能,57.4,5320000000.0,2020-05-28,C 制造业,
920179,凯德石英,57.4,4274000000.0,2022-03-04,非金属矿物制品业,
300136,信维通信,57.3,55441999999.99999,2010-11-05,C 制造业,
002837,英维克,57.22,73175000000.0,2016-12-29,C 制造业,
002080,中材科技,57.2,95989000000.0,2006-11-20,C 制造业,
001306,夏厦精密,57.19,3599000000.0,2023-11-16,C 制造业,
000657,中钨高新,57.18,130289000000.00002,1996-12-05,C 制造业,
301292,海科新源,57.16,12735000000.0,2023-07-07,C 制造业,
688253,英诺特,57.1,7822000000.0,,,
688270,ST臻镭,56.91,17044999999.999998,,,
688799,华纳药厂,56.88,7601000000.000001,,,
301667,纳百川,56.83,6346000000.0,2025-12-23,C 制造业,
300347,泰格医药,56.81,48915000000.0,2012-08-17,M 科研服务,
688390,固德威,56.8,13809000000.0,,,
688798,艾为电子,56.59,13193000000.0,,,
003036,泰坦股份,56.56,12251000000.0,2021-01-28,C 制造业,
300803,指南针,56.5,50510000000.0,2019-11-18,J 金融业,
002990,盛视科技,56.45,14778000000.0,2020-05-25,I 信息技术,
688192,迪哲医药-U,56.45,26258999999.999996,,,
603605,珀莱雅,56.45,22353000000.0,2017-11-15,,
300907,康平科技,56.44,5418000000.0,2020-11-18,C 制造业,
601208,东材科技,56.44,57015000000.0,2011-05-20,,
603119,浙江荣泰,56.42,26679000000.000004,2023-08-01,,
688305,科德数控,56.3,7463000000.0,,,
300862,蓝盾光电,56.23,10381000000.0,2020-08-24,C 制造业,
688825,长鑫科技,56.2,3815086000000.0,,,
603950,长源东谷,56.1,18184000000.0,2020-05-26,,
000636,风华高科,56.02,64282000000.00001,1996-11-29,C 制造业,
688663,新风光,55.83,11012000000.0,,,
688286,敏芯股份,55.8,4370000000.0,,,
301678,新恒汇,55.72,13347999999.999998,2025-06-20,C 制造业,
301387,光大同创,55.67,5973000000.0,2023-04-18,C 制造业,
301413,安培龙,55.55,7631999999.999999,2023-12-18,C 制造业,
301310,鑫宏业,55.47,10592000000.0,2023-06-02,C 制造业,
688239,航宇科技,55.45,10586000000.0,,,
301548,崇德科技,55.22,4804000000.0,2023-09-20,C 制造业,
301228,实朴检测,55.15,6745999999.999999,2022-01-28,M 科研服务,
301099,雅创电子,55.15,10419000000.0,2021-11-22,F 批发零售,
688432,有研硅,55.13,68929000000.0,,,
301261,恒工精密,55.05,5806000000.0,2023-07-10,C 制造业,
300496,中科创达,55.04,25413000000.0,2015-12-10,I 信息技术,
688036,传音控股,54.92,63223000000.0,,,
688282,理工导航,54.9,4892000000.0,,,
300841,康华生物,54.88,7131000000.0,2020-06-16,C 制造业,
920012,创达新材,54.7,2698000000.0,2026-04-13,计算机、通信和其他电子设备制造业,
001314,亿道信息,54.67,7795999999.999999,2023-02-14,C 制造业,
300346,南大光电,54.4,37599000000.0,2012-08-07,C 制造业,
603160,汇顶科技,54.4,25349000000.0,2016-10-17,,
300718,长盛轴承,54.38,16247999999.999998,2017-11-06,C 制造业,
301033,迈普医学,54.35,3676000000.0,2021-07-26,C 制造业,
300724,捷佳伟创,54.35,18930000000.0,2018-08-10,C 制造业,
688776,国光电气,54.25,5880000000.0,,,
301087,可孚医疗,54.21,12788000000.0,2021-10-25,C 制造业,
002979,雷赛智能,53.99,17063000000.0,2020-04-08,C 制造业,
000831,中国稀土,53.9,57200000000.0,1998-09-11,C 制造业,
688155,先惠技术,53.9,6865000000.000001,,,
300806,斯迪克,53.45,33873000000.0,2019-11-25,C 制造业,
605098,行动教育,53.4,6368000000.0,2021-04-21,,
601318,中国平安,53.25,964232000000.0,2007-03-01,,
301169,零点有数,53.2,3833000000.0,2021-11-03,L 商务服务,
300763,锦浪科技,53.15,21084000000.0,2019-03-19,C 制造业,
301687,新广益,53.09,7797000000.0,2025-12-31,C 制造业,
605168,三人行,53.07,11188000000.0,2020-05-28,,
301677,欣兴工具,53.0,5300000000.0,2026-07-30,C 制造业,
603261,立航科技,53.0,4108000000.0,2022-03-15,,
301617,博苑新材,52.92,9194000000.0,2024-12-11,C 制造业,
603325,博隆技术,52.88,4231000000.0,2024-01-10,,
920119,美德乐,52.83,5334000000.0,2026-01-30,通用设备制造业,
300731,科创新源,52.82,9364000000.0,2017-12-08,C 制造业,
688563,航材股份,52.79,23722000000.0,,,
603338,浙江鼎力,52.78,26725000000.0,2015-03-25,,
300474,景嘉微,52.58,27479000000.000004,2016-03-31,C 制造业,
301606,绿联科技,52.51,21787000000.0,2024-07-26,C 制造业,
600660,XD福耀玻,52.47,136933000000.0,1993-06-10,,
300779,惠城环保,52.14,15502000000.000002,2019-05-22,C 制造业,
688265,南模生物,52.13,4064000000.0,,,
300725,药石科技,52.08,12177000000.0,2017-11-10,M 科研服务,
688419,耐科装备,52.08,5966000000.0,,,
301502,华阳智能,52.02,2969000000.0,2024-02-02,C 制造业,
002475,立讯精密,52.0,402495000000.0,2010-09-15,C 制造业,
688083,中望软件,51.96,8815000000.0,,,
600345,长江通信,51.89,17104000000.0,2000-12-22,,
300124,汇川技术,51.88,140583000000.0,2010-09-28,C 制造业,
301598,博科测试,51.83,3053000000.0,2024-12-20,C 制造业,
301479,弘景光电,51.8,6452000000.0,2025-03-18,C 制造业,
603202,天有为,51.78,8284999999.999999,2025-04-24,,
301108,洁雅股份,51.71,5820000000.0,2021-12-03,C 制造业,
301448,开创电气,51.56,5393000000.0,2023-06-19,C 制造业,
600641,先导基电,51.56,48888000000.0,1993-04-07,,
601888,中国中免,51.46,106923000000.0,2009-10-15,,
002929,润建股份,51.4,14719999999.999998,2018-03-01,I 信息技术,
688278,特宝生物,51.4,20981000000.0,,,
301531,春光集团,51.38,11290000000.0,2026-05-11,C 制造业,
301358,湖南裕能,51.38,43556000000.0,2023-02-09,C 制造业,
600486,扬农化工,51.36,20755000000.0,2002-04-25,,
688122,西部超导,51.33,33347000000.000004,,,
002138,顺络电子,51.3,41364000000.0,2007-06-13,C 制造业,
301321,翰博高新,51.28,9560000000.0,2022-08-18,C 制造业,
300695,兆丰股份,51.13,5228000000.0,2017-09-08,C 制造业,
603728,鸣志电器,51.07,21392000000.0,2017-05-09,,
920002,万达轴承,51.03,3251000000.0,2024-05-30,通用设备制造业,
603373,安邦护卫,50.8,7647000000.0,2023-12-20,,
301297,富乐德,50.72,35640000000.0,2022-12-30,M 科研服务,
688378,奥来德,50.72,13259000000.0,,,
002536,飞龙股份,50.67,29124000000.0,2011-01-11,C 制造业,
603667,五洲新春,50.65,19407000000.0,2016-10-25,,
688478,晶升股份,50.64,7006999999.999999,,,
001237,惠康科技,50.56,7501000000.000001,2026-05-22,C 制造业,
603267,鸿远电子,50.54,11679000000.0,2019-05-15,,
300390,天华新能,50.49,41945000000.0,2014-07-31,C 制造业,
301328,维峰电子,50.39,8029000000.000001,2022-09-08,C 制造业,
920227,美登科技,50.39,1962000000.0,2022-12-28,软件和信息技术服务业,
300706,阿石创,50.36,7731999999.999999,2017-09-26,C 制造业,
603486,科沃斯,50.33,29160000000.000004,2018-05-28,,
301218,华是科技,50.24,5729000000.0,2022-03-07,I 信息技术,
603379,三美股份,50.03,30542000000.0,2019-04-02,,
301608,博实结,50.0,6630000000.0,2024-08-01,C 制造业,
688513,苑东生物,50.0,8827000000.0,,,
301293,三博脑科,49.95,10289000000.0,2023-05-05,Q 卫生,
688281,华秦科技,49.91,19046000000.0,,,
301105,鸿铭股份,49.9,2495000000.0,2022-12-30,C 制造业,
600600,青岛啤酒,49.89,68060000000.0,1993-08-27,,
002552,宝鼎科技,49.88,19353000000.0,2011-02-25,C 制造业,
000538,云南白药,49.87,88981000000.0,1993-12-15,C 制造业,
600206,有研新材,49.81,42167000000.0,1999-03-19,,
688789,宏华数科,49.72,8962000000.0,,,
920394,民士达,49.72,7272000000.0,2023-04-25,纺织业,
301595,太力科技,49.53,5363000000.0,2025-05-19,C 制造业,
301281,科源制药,49.32,5341000000.0,2023-04-04,C 制造业,
603662,柯力传感,49.31,13847999999.999998,2019-08-06,,
603375,盛景微,49.25,4958000000.0,2024-01-24,,
688193,仁度生物,49.18,1971000000.0,,,
300677,英科医疗,49.14,32175000000.0,2017-07-21,C 制造业,
688386,泛亚微透,49.11,4892000000.0,,,
600593,大连圣亚,49.05,6398000000.0,2002-07-11,,
688486,龙迅股份,49.0,9157000000.0,,,
301043,绿岛风,48.91,3326000000.0,2021-08-11,C 制造业,
300014,亿纬锂能,48.91,106296000000.0,2009-10-30,C 制造业,
300438,鹏辉能源,48.9,24613000000.0,2015-04-24,C 制造业,
300469,信息发展,48.89,12136000000.0,2015-06-11,I 信息技术,
300819,聚杰微纤,48.83,7286000000.0,2020-03-12,C 制造业,
300624,万兴科技,48.74,9423000000.0,2018-01-18,I 信息技术,
301314,科瑞思,48.7,2691000000.0,2023-03-28,C 制造业,
301317,鑫磊股份,48.69,7654000000.000001,2023-01-19,C 制造业,
603045,福达合金,48.57,6579000000.000001,2018-05-17,,
603068,博通集成,48.51,7363000000.0,2019-04-15,,
003018,金富科技,48.5,15227000000.000002,2020-11-06,C 制造业,
603435,嘉德利,48.39,22219000000.0,2026-05-22,,
605358,立昂微,48.34,37328000000.0,2020-09-11,,
301096,百诚医药,48.23,5268000000.0,2021-12-20,M 科研服务,
301035,润丰股份,48.23,17580000000.0,2021-07-28,C 制造业,
300558,贝达药业,48.23,20417000000.0,2016-11-07,C 制造业,
002870,香山股份,48.2,7363000000.0,2017-05-15,C 制造业,
603663,三祥新材,48.2,28610000000.000004,2016-08-01,,
603688,石英股份,48.19,26102999999.999996,2014-10-31,,
688345,博力威,48.11,4901000000.0,,,
603678,火炬电子,48.05,22851000000.0,2015-01-26,,
603938,三孚股份,48.03,18377000000.0,2017-06-28,,
601088,中国神华,48.03,1041744000000.0,2007-10-09,,
688727,恒坤新材,47.99,21563000000.0,,,
688023,安恒信息,47.9,4894000000.0,,,
300832,新产业,47.73,37502000000.0,2020-05-12,C 制造业,
001301,尚太科技,47.65,17374000000.0,2022-12-28,C 制造业,
600301,华锡有色,47.65,30142000000.0,2000-07-12,,
301072,中捷精工,47.47,4978000000.0,2021-09-29,C 制造业,
688248,南网科技,47.47,26806000000.0,,,
688816,易思维,47.38,4738000000.0,,,
301322,绿通科技,47.31,6748999999.999999,2023-03-06,C 制造业,
300331,苏大维格,47.31,12285000000.0,2012-06-28,C 制造业,
688837,信诺维,47.31,20603000000.0,,,
688665,四方光电,47.27,4783000000.0,,,
688307,中润光学,47.21,5904000000.0,,,
603040,新坐标,47.2,9315000000.0,2017-02-09,,
920083,金戈新材,47.19,4213000000.0000005,2026-06-11,非金属矿物制品业,
301286,侨源股份,47.15,18865000000.0,2022-06-14,C 制造业,
605588,冠石科技,47.14,3454000000.0,2021-08-12,,
603009,北特科技,47.14,16329000000.0,2014-07-18,,
688049,炬芯科技,47.1,8290000000.000001,,,
603203,快克智能,47.1,15544000000.0,2016-11-08,,
300049,福瑞医科,47.02,12413000000.0,2010-01-20,C 制造业,
300904,威力传动,47.0,3402000000.0000005,2023-08-09,C 制造业,
688690,纳微科技,46.99,18975000000.0,,,
688181,八亿时空,46.98,6250000000.0,,,
688768,容知日新,46.92,4128000000.0,,,
600549,厦门钨业,46.9,74458000000.0,2002-11-07,,
688606,奥泰生物,46.82,3542000000.0,,,
603082,北自科技,46.74,7786000000.0,2024-01-30,,
001337,四川黄金,46.71,19618000000.0,2023-03-03,B 采矿业,
001226,拓山重工,46.69,3486000000.0,2022-06-22,C 制造业,
003009,中天火箭,46.58,7673000000.0,2020-09-25,C 制造业,
688726,拉普拉斯,46.55,18868000000.0,,,
688061,灿瑞科技,46.49,5341000000.0,,,
301299,卓创资讯,46.45,2818000000.0,2022-10-19,I 信息技术,
601689,拓普集团,46.44,80705000000.0,2015-03-19,,
603091,众鑫股份,46.43,6645999999.999999,2024-09-20,,
603127,昭衍新药,46.39,34762000000.0,2017-08-25,,
603416,信捷电气,46.37,7279000000.000001,2016-12-21,,
601127,赛力斯,46.33,80706000000.0,2016-06-15,,
002812,恩捷股份,46.3,45435000000.0,2016-09-14,C 制造业,
001283,豪鹏科技,46.3,6004000000.0,2022-09-05,C 制造业,
301367,瑞迈特,46.27,5797000000.0,2022-11-01,C 制造业,
301235,华康洁净,46.2,6433000000.0,2022-01-28,E 建筑业,
301596,瑞迪智驱,46.16,4987000000.0,2024-05-13,C 制造业,
301349,信德新材,46.15,6576000000.000001,2022-09-09,C 制造业,
688400,凌云光,46.15,21956000000.0,,,
688215,瑞晟智能,46.09,4164000000.0,,,
603286,日盈电子,46.06,5435000000.0,2017-06-27,,
603283,赛腾股份,46.02,16222999999.999998,2017-12-25,,
301150,中一科技,46.0,14900000000.0,2022-04-21,C 制造业,
688316,青云科技-U,45.92,2199000000.0,,,
001259,利仁科技,45.88,3376000000.0,2022-08-31,C 制造业,
002338,奥普光电,45.85,11004000000.0,2010-01-15,C 制造业,
603092,德力佳,45.85,18340000000.0,2025-11-07,,
300804,广康生化,45.76,3386000000.0,2023-06-27,C 制造业,
301419,阿莱德,45.57,6836000000.0,2023-02-09,C 制造业,
002881,美格智能,45.53,13766999999.999998,2017-06-22,C 制造业,
301391,卡莱特,45.52,4325000000.0,2022-12-01,C 制造业,
603920,世运电路,45.5,32787000000.0,2017-04-26,,
603823,百合花,45.42,18911000000.0,2016-12-20,,
001233,海安集团,45.35,8434000000.0,2025-11-25,C 制造业,
920015,锦华新材,45.32,6144000000.0,2025-09-25,化学原料和化学制品制造业,
688172,燕东微,45.26,64614000000.0,,,
000423,东阿阿胶,45.15,28888000000.0,1996-07-29,C 制造业,
300676,华大基因,45.12,18874000000.0,2017-07-14,M 科研服务,
301160,翔楼新材,45.11,7520999999.999999,2022-06-06,C 制造业,
603418,友升股份,45.11,8709000000.0,2025-09-23,,
688381,帝奥微,45.1,11162000000.0,,,
600378,昊华科技,45.09,58166000000.0,2001-01-11,,
688781,视涯科技-UW,45.02,45020000000.0,,,
002841,视源股份,44.94,31420999999.999996,2017-01-19,C 制造业,
300139,晓程科技,44.92,12308000000.0,2010-11-12,B 采矿业,
301092,争光股份,44.9,6041000000.0,2021-11-02,C 制造业,
688097,博众精工,44.9,20080000000.0,,,
301289,国缆检测,44.89,3501000000.0,2022-06-22,M 科研服务,
600276,恒瑞医药,44.86,297745000000.0,2000-10-18,,
603530,神马电力,44.81,19331000000.0,2019-08-05,,
688168,安博通,44.78,4839000000.0,,,
603358,华达科技,44.73,21012000000.0,2017-01-25,,
300679,电连技术,44.72,18998000000.0,2017-07-31,C 制造业,
301513,尚水智能,44.61,4461000000.0,2026-04-17,C 制造业,
603049,中策橡胶,44.53,38941000000.0,2025-06-05,,
301213,观想科技,44.5,4984000000.0,2021-12-06,I 信息技术,
688187,时代电气,44.4,59083000000.00001,,,
300179,四方达,44.29,21513000000.0,2011-02-15,C 制造业,
301390,经纬股份,44.21,2653000000.0,2023-05-08,M 科研服务,
301315,威士顿,44.19,3889000000.0,2023-06-21,I 信息技术,
688222,成都先导,44.19,17706000000.0,,,
603353,和顺石油,44.17,7527000000.0,2020-04-07,,
300765,石药创新,44.15,62013000000.0,2019-03-22,C 制造业,
920116,星图测控,44.08,9860000000.0,2025-01-02,软件和信息技术服务业,
688626,翔宇医疗,44.06,7050000000.0,,,
605298,必得科技,44.04,8273000000.0,2021-03-01,,
688516,XD奥特维,43.91,13821000000.0,,,
603156,养元饮品,43.9,55326000000.0,2018-02-12,,
688698,伟创电气,43.87,9434000000.0,,,
603389,亚振家居,43.82,11514000000.0,2016-12-15,,
688543,国科军工,43.73,10959000000.0,,,
002460,赣锋锂业,43.68,91584000000.0,2010-08-10,C 制造业,
301282,金禄电子,43.6,9197000000.0,2022-08-26,C 制造业,
301336,趣睡科技,43.55,2260000000.0,2022-08-12,C 制造业,
301280,珠城科技,43.5,8330000000.0,2022-12-26,C 制造业,
300759,康龙化成,43.5,79922000000.0,2019-01-28,M 科研服务,
301607,富特科技,43.46,10175000000.0,2024-09-04,C 制造业,
002436,兴森科技,43.31,73613000000.0,2010-06-18,C 制造业,
688551,科威尔,43.3,4719000000.0,,,
002971,和远气体,43.19,9096000000.0,2020-01-13,C 制造业,
002847,盐津铺子,43.15,11659000000.0,2017-02-08,C 制造业,
301155,海力风电,43.1,9370000000.0,2021-11-24,C 制造业,
300965,恒宇信通,43.09,2585000000.0,2021-04-02,C 制造业,
301591,肯特股份,43.08,4711000000.0,2024-02-28,C 制造业,
688580,伟思医疗,43.07,4125000000.0,,,
600176,中国巨石,43.06,172375000000.0,1999-04-22,,
001223,欧克科技,43.05,5626000000.0,2022-12-12,C 制造业,
688084,晶品特装,43.03,3256000000.0,,,
600760,中航沈飞,43.03,121986999999.99998,1996-10-11,,
688150,莱特光电,42.99,17301000000.0,,,
688767,博拓生物,42.93,6411000000.0,,,
300833,浩洋股份,42.91,5428000000.0,2020-05-20,C 制造业,
300784,利安科技,42.86,2410000000.0,2024-06-07,C 制造业,
001285,瑞立科密,42.59,7689000000.0,2025-09-30,C 制造业,
002738,中矿资源,42.58,31057000000.0,2014-12-30,C 制造业,
688818,电科蓝天,42.57,73941000000.0,,,
600105,永鼎股份,42.53,62179000000.0,1997-09-29,,
603699,纽威股份,42.5,32950000000.0,2014-01-17,,
600362,江西铜业,42.4,146820000000.0,2002-01-11,,
002970,锐明技术,42.35,7815000000.000001,2019-12-17,I 信息技术,
688291,金橙子,42.3,4343000000.0,,,
688380,中微半导,42.28,16927000000.000002,,,
688778,厦钨新能,42.15,21273000000.0,,,
688297,中无人机,42.15,28451000000.0,,,
301061,匠心家居,42.05,11959000000.0,2021-09-13,C 制造业,
001393,维通利,42.04,10482000000.0,2026-05-15,C 制造业,
688717,艾罗能源,41.93,6709000000.0,,,
300418,昆仑万维,41.76,53663000000.0,2015-01-21,I 信息技术,
603099,长白山,41.76,11374000000.0,2014-08-22,,
688689,银河微电,41.65,6035000000.0,,,
688721,龙图光罩,41.58,5551000000.0,,,
301327,华宝新能,41.5,7237000000.0,2022-09-19,C 制造业,
301636,泽润新能,41.42,2680000000.0,2025-05-16,C 制造业,
002957,科瑞技术,41.4,17387000000.0,2019-07-26,C 制造业,
301316,慧博云通,41.39,16705000000.000002,2022-10-13,I 信息技术,
688577,浙海德曼,41.37,6445000000.0,,,
002901,大博医疗,41.34,17116000000.0,2017-09-22,C 制造业,
003041,真爱美家,41.31,5949000000.0,2021-04-06,C 制造业,
603179,新泉股份,41.29,30355000000.0,2017-03-17,,
300863,卡倍亿,41.25,10783000000.0,2020-08-24,C 制造业,
605258,协和电子,41.12,3619000000.0,2020-12-03,,
920081,欧伦电气,41.11,2985000000.0,2026-07-10,电气机械和器材制造业,
002311,海大集团,41.1,68103000000.0,2009-11-27,C 制造业,
600498,烽火通信,41.08,55794000000.00001,2001-08-23,,
688765,禾元生物-U,41.05,14675000000.0,,,
603284,林平发展,41.03,3094000000.0,2026-02-10,,
301287,康力源,41.0,2733000000.0,2023-06-14,C 制造业,
002785,万里石,41.0,9291000000.0,2015-12-23,C 制造业,
600391,航发科技,40.98,13529000000.0,2001-12-12,,
920088,科力股份,40.97,3608000000.0,2024-10-29,开采专业及辅助性活动,
300628,亿联网络,40.96,51892999999.99999,2017-03-17,C 制造业,
301538,骏鼎达,40.95,4495000000.0,2024-03-20,C 制造业,
002466,天齐锂业,40.9,70066000000.0,2010-08-31,C 制造业,
000733,振华科技,40.9,22666000000.0,1997-07-03,C 制造业,
001331,胜通能源,40.89,16734000000.0,2022-09-08,D 水电煤气,
603067,振华股份,40.89,30893000000.0,2016-09-13,,
301257,普蕊斯,40.8,3222999999.9999995,2022-05-17,M 科研服务,
003007,直真科技,40.76,4874000000.0,2020-09-23,I 信息技术,
301252,同星科技,40.72,6891000000.0,2023-05-25,C 制造业,
300316,晶盛机电,40.7,53298000000.0,2012-05-11,C 制造业,
600036,招商银行,40.69,1026195999999.9999,2002-04-09,,
300596,利安隆,40.68,9341000000.0,2017-01-19,C 制造业,
300834,星辉环材,40.66,7876000000.000001,2022-01-13,C 制造业,
688063,派能科技,40.51,9940000000.0,,,
920220,朗信电气,40.5,2681000000.0,2026-05-22,汽车制造业,
301449,天溯计量,40.49,3697000000.0,2025-12-23,M 科研服务,
002931,锋龙股份,40.48,8845000000.0,2018-04-03,C 制造业,
002714,牧原股份,40.48,233691000000.0,2014-01-28,A 农林牧渔,
301688,格林生物,40.4,5387000000.0,2026-09-02,C 制造业,
688576,西山科技,40.36,2730000000.0,,,
688216,气派科技,40.29,4609000000.0,,,
600988,赤峰黄金,40.28,76549000000.0,2004-04-14,,
301237,和顺科技,40.27,4481000000.0,2022-03-23,C 制造业,
688138,清溢光电,40.15,12639000000.0,,,
603859,能科科技,40.13,10691000000.0,2016-10-21,,
301275,汉朔科技,40.1,16938000000.0,2025-03-11,C 制造业,
605589,圣泉集团,40.08,33923000000.0,2021-08-10,,
300769,德方纳米,40.06,11224000000.0,2019-04-15,C 制造业,
301219,腾远钴业,40.05,15332000000.0,2022-03-17,C 制造业,
603171,税友股份,40.02,16244000000.0,2021-06-30,,
688091,上海谊众,39.95,8258000000.0,,,
688805,健信超导,39.87,6684999999.999999,,,
601021,XD春秋航,39.85,38987000000.0,2015-01-21,,
301168,通灵股份,39.82,4778000000.0,2021-12-10,C 制造业,
002487,大金重工,39.77,29433000000.0,2010-10-15,C 制造业,
600298,安琪酵母,39.7,34452000000.0,2000-08-18,,
301498,乖宝宠物,39.67,15887000000.0,2023-08-16,C 制造业,
688679,通源环境,39.6,5215000000.0,,,
688708,佳驰科技,39.55,15838999999.999998,,,
688135,利扬芯片,39.55,9219000000.0,,,
603031,安孚科技,39.54,14782000000.0,2016-08-22,,
688523,航天环宇,39.52,16080000000.000002,,,
300913,兆龙互连,39.51,13543000000.0,2020-12-07,C 制造业,
000811,冰轮环境,39.45,39153000000.0,1998-05-28,C 制造业,
301446,福事特,39.44,4102000000.0000005,2023-07-25,C 制造业,
300042,朗科科技,39.44,7904000000.000001,2010-01-08,C 制造业,
605060,联德股份,39.39,9477000000.0,2021-03-01,,
300747,锐科激光,39.36,22105000000.0,2018-06-25,C 制造业,
002032,苏 泊 尔,39.23,31264000000.0,2004-08-17,C 制造业,
688680,海优新材,39.21,3826000000.0,,,
688336,三生国健,39.21,35141000000.0,,,
301525,儒竞科技,39.2,5176000000.0,2023-08-30,C 制造业,
300648,星云股份,39.19,6830000000.0,2017-04-25,C 制造业,
688458,美芯晟,39.16,4368000000.0,,,
002756,永兴材料,39.08,21068000000.0,2015-05-15,C 制造业,
688053,ST思科瑞,39.08,3908000000.0,,,
300508,维宏股份,39.05,4284000000.0000005,2016-04-19,C 制造业,
301382,蜂助手,38.95,11114000000.0,2023-05-17,I 信息技术,
301368,丰立智能,38.95,5498000000.0,2022-12-15,C 制造业,
603308,应流股份,38.95,28373000000.0,2014-01-22,,
002595,豪迈科技,38.94,45170000000.0,2011-06-28,C 制造业,
002472,双环传动,38.94,33099000000.0,2010-09-10,C 制造业,
603271,永杰新材,38.92,7711000000.0,2025-03-11,,
002422,科伦药业,38.86,61817999999.99999,2010-06-03,C 制造业,
301458,钧崴电子,38.79,10344000000.0,2025-01-10,C 制造业,
688582,芯动联科,38.78,15579000000.0,,,
688218,江苏北人,38.69,4506000000.0,,,
001229,魅视科技,38.68,5548000000.0,2022-08-08,C 制造业,
603130,云中马,38.68,5319000000.0,2022-11-18,,
301398,星源卓镁,38.52,4314000000.0,2022-12-15,C 制造业,
000651,格力电器,38.5,215654000000.0,1996-11-18,C 制造业,
920037,广信科技,38.41,4918000000.0,2025-06-26,电气机械和器材制造业,
601126,四方股份,38.39,31982000000.0,2010-12-31,,
301115,联检科技,38.38,6987000000.0,2022-08-31,M 科研服务,
688050,爱博医疗,38.35,7418000000.000001,,,
688065,凯赛生物,38.34,27654000000.000004,,,
300491,通合科技,38.32,6808000000.0,2015-12-31,C 制造业,
002230,科大讯飞,38.32,92048000000.0,2008-05-12,I 信息技术,
603200,上海洗霸,38.32,6723999999.999999,2017-06-01,,
600893,航发动力,38.29,102066000000.0,1996-04-08,,
001212,中旗新材,38.27,7691000000.0,2021-08-23,C 制造业,
301567,贝隆精密,38.23,2753000000.0,2024-01-16,C 制造业,
301230,泓博医药,38.18,6908000000.0,2022-11-01,M 科研服务,
688439,振华风光,38.16,7631999999.999999,,,
920576,天力复合,38.15,4156000000.0,2023-07-12,有色金属冶炼和压延加工业,
920206,彩客科技,38.13,2728000000.0,2026-06-08,化学原料和化学制品制造业,
600150,中国船舶,38.09,286651000000.0,1998-05-20,,
688550,瑞联新材,38.06,6701000000.000001,,,
603062,麦加芯彩,38.06,4110000000.0,2023-11-07,,
688080,映翰通,38.04,2802000000.0,,,
601579,会稽山,38.04,18239000000.0,2014-08-25,,
300983,尤安设计,38.0,6566000000.0,2021-04-20,M 科研服务,
001368,通达创智,38.0,4299000000.0,2023-03-13,C 制造业,
688607,康众科技,37.96,3345000000.0000005,,,
688682,霍莱沃,37.94,3864000000.0,,,
688113,联测科技,37.9,2441000000.0,,,
603195,公牛集团,37.89,68333000000.00001,2020-02-06,,
688330,宏力达,37.88,5303000000.0,,,
603090,宏盛股份,37.87,3786999999.9999995,2016-08-31,,
301202,朗威股份,37.84,5161000000.0,2023-07-05,C 制造业,
603738,泰晶科技,37.8,14587000000.0,2016-09-28,,
301141,中科磁业,37.79,4687000000.0,2023-04-03,C 制造业,
300398,飞凯材料,37.77,21530000000.0,2014-10-09,C 制造业,
688499,利元亨,37.75,6370000000.0,,,
300709,精研科技,37.74,7044000000.0,2017-10-19,C 制造业,
300985,致远新能,37.73,7037000000.0,2021-04-29,C 制造业,
688197,首药控股-U,37.72,5610000000.0,,,
301517,陕西华达,37.66,5696000000.0,2023-10-17,C 制造业,
300378,鼎捷数智,37.66,10227000000.0,2014-01-27,I 信息技术,
301013,利和兴,37.62,8793000000.0,2021-06-29,C 制造业,
300919,中伟新材,37.6,39272000000.0,2020-12-23,C 制造业,
002865,钧达股份,37.6,11704000000.0,2017-04-25,C 制造业,
301041,金百泽,37.57,4008000000.0,2021-08-11,C 制造业,
600132,重庆啤酒,37.56,18178000000.0,1997-10-30,,
300456,赛微电子,37.54,27487000000.0,2015-05-14,C 制造业,
603786,科博达,37.53,15157000000.0,2019-10-15,,
688631,莱斯信息,37.52,6133000000.0,,,
300488,恒锋工具,37.51,7173000000.0,2015-07-01,C 制造业,
300905,宝丽迪,37.5,6713000000.0,2020-11-05,C 制造业,
603102,百合股份,37.5,2400000000.0,2022-01-25,,
300602,飞荣达,37.47,21974000000.0,2017-01-26,C 制造业,
002304,洋河股份,37.47,56446000000.0,2009-11-06,C 制造业,
002955,鸿合科技,37.46,8865000000.0,2019-05-23,C 制造业,
002655,共达电声,37.43,13726000000.0,2012-02-17,C 制造业,
601628,中国人寿,37.43,1057948000000.0,2007-01-09,,
001228,永泰运,37.42,3886999999.9999995,2022-04-29,L 商务服务,
300073,当升科技,37.4,20357000000.0,2010-04-27,C 制造业,
688320,禾川科技,37.38,5645000000.0,,,
301622,英思特,37.33,4328000000.0,2024-12-04,C 制造业,
603341,龙旗科技,37.33,19494000000.0,2024-03-01,,
688163,赛伦生物,37.31,4038000000.0000005,,,
688069,德林海,37.3,5842000000.0,,,
301295,美硕科技,37.29,3759000000.0000005,2023-06-28,C 制造业,
603275,众辰科技,37.26,5539000000.0,2023-08-23,,
300946,恒而达,37.22,5807000000.0,2021-02-08,C 制造业,
688479,友车科技,37.22,7493000000.000001,,,
603198,迎驾贡酒,37.2,29760000000.000004,2015-05-28,,
000893,亚钾国际,37.18,34356000000.0,1998-12-24,C 制造业,
688060,云涌科技,37.13,2235000000.0,,,
002518,科士达,37.12,21612000000.0,2010-12-07,C 制造业,
002991,甘源食品,37.11,3459000000.0000005,2020-07-31,C 制造业,
300693,盛弘股份,37.06,11592000000.0,2017-08-22,C 制造业,
689009,九号公司-WD,37.06,27270999999.999996,,,
600111,北方稀土,37.06,133974000000.0,1997-09-24,,
301491,汉桑科技,37.05,4779000000.0,2025-08-06,C 制造业,
603337,杰克科技,37.04,17645000000.0,2017-01-19,,
301273,瑞晨环保,36.83,3694000000.0,2022-10-25,C 制造业,
603285,键邦股份,36.81,5890000000.0,2024-07-05,,
688206,概伦电子,36.79,19536000000.0,,,
001267,汇绿生态,36.75,28849000000.0,2021-11-17,C 制造业,
920065,千岸科技,36.74,3315999999.9999995,2026-07-29,零售业,
301162,国能日新,36.73,6858000000.0,2022-04-29,I 信息技术,
603293,埃泰克,36.73,6578000000.0,2026-04-16,,
301555,惠柏新材,36.7,3386000000.0,2023-10-31,C 制造业,
301616,浙江华业,36.68,2934000000.0,2025-03-27,C 制造业,
000799,酒鬼酒,36.66,11912000000.0,1997-07-18,C 制造业,
002396,星网锐捷,36.65,27758999999.999996,2010-06-23,C 制造业,
301186,超达装备,36.63,4203000000.0,2021-12-23,C 制造业,
688159,有方科技,36.62,3399000000.0,,,
001325,元创股份,36.57,2867000000.0,2025-12-18,C 制造业,
600367,红星发展,36.55,12468000000.0,2001-03-20,,
688598,金博股份,36.53,7583000000.0,,,
301110,青木科技,36.5,4729000000.0,2022-03-11,I 信息技术,
920748,路桥信息,36.5,2801000000.0,2023-08-16,软件和信息技术服务业,
600211,西藏药业,36.48,11758000000.0,1999-07-21,,
688070,纵横股份,36.43,3221000000.0,,,
920038,森合高科,36.43,3807000000.0,2026-08-05,化学原料和化学制品制造业,
688295,中复神鹰,36.41,32769000000.0,,,
301581,黄山谷捷,36.4,2912000000.0,2025-01-03,C 制造业,
300473,德尔股份,36.36,6278000000.0,2015-06-12,C 制造业,
300209,行云科技,36.35,33756000000.0,2011-04-26,F 批发零售,
603618,杭电股份,36.35,25132000000.0,2015-02-17,,
688600,皖仪科技,36.34,4895000000.0,,,
603139,康惠股份,36.3,3864000000.0,2017-04-21,,
000526,学大教育,36.26,4419000000.0,1993-11-01,P 教育,
301121,紫建电子,36.19,3577000000.0000005,2022-08-08,C 制造业,
301053,远信工业,36.13,4765000000.0,2021-09-01,C 制造业,
002126,银轮股份,36.11,30579000000.000004,2007-04-18,C 制造业,
301365,矩阵股份,36.1,6586000000.0,2022-11-22,M 科研服务,
001365,天海电子,36.1,18953000000.0,2026-05-18,C 制造业,
002050,三花智控,36.08,151825000000.0,2005-06-07,C 制造业,
300943,春晖智控,36.07,7352000000.0,2021-02-10,C 制造业,
300657,弘信电子,36.04,17376000000.0,2017-05-23,C 制造业,
300606,金太阳,35.98,4978000000.0,2017-02-08,C 制造业,
301236,软通动力,35.95,37215000000.0,2022-03-15,I 信息技术,
300461,田中精机,35.95,5664000000.0,2015-05-19,C 制造业,
300499,高澜股份,35.92,10965000000.0,2016-02-02,C 制造业,
688046,药康生物,35.92,14734000000.0,,,
301178,天亿马,35.88,3340999999.9999995,2021-11-12,I 信息技术,
300573,兴齐眼药,35.88,12734000000.0,2016-12-08,C 制造业,
603931,格林达,35.87,7158000000.0,2020-08-19,,
301233,盛帮股份,35.82,2571000000.0,2022-07-06,C 制造业,
688520,神州细胞,35.75,16815000000.0,,,
920156,海昌智能,35.75,3722000000.0,2026-04-27,专用设备制造业,
300807,天迈科技,35.72,2430000000.0,2019-12-19,C 制造业,
603270,金帝股份,35.71,7823999999.999999,2023-09-01,,
603657,春光科技,35.7,4826000000.0,2018-07-30,,
603039,泛微网络,35.68,10977000000.0,2017-01-13,,
688071,华依科技,35.65,3023000000.0,,,
603396,金辰股份,35.64,4937000000.0,2017-10-18,,
920138,杰理科技,35.64,15431000000.0,2026-08-12,软件和信息技术服务业,
300688,创业黑马,35.61,5960000000.0,2017-08-10,L 商务服务,
300516,久之洋,35.61,8974000000.0,2016-06-02,C 制造业,
001266,宏英智能,35.6,3690000000.0,2022-02-28,C 制造业,
603606,东方电缆,35.56,29330000000.0,2014-10-15,,
003026,中晶科技,35.55,6740000000.000001,2020-12-18,C 制造业,
301699,洛轴股份,35.54,25731000000.0,2026-09-09,C 制造业,
000021,深科技,35.53,56308000000.00001,1994-02-02,C 制造业,
301188,力诺药包,35.45,9484000000.0,2021-11-11,C 制造业,
605287,德才股份,35.42,4959000000.0,2021-07-06,,
603799,华友钴业,35.42,67069000000.00001,2015-01-29,,
001234,泰慕士,35.4,3844000000.0,2022-01-11,C 制造业,
688612,威迈斯,35.4,14838999999.999998,,,
301226,祥明智能,35.39,3850000000.0,2022-03-25,C 制造业,
300001,特锐德,35.34,37295000000.0,2009-10-30,C 制造业,
300617,安靠智电,35.32,5853000000.0,2017-02-28,C 制造业,
301272,英华特,35.29,2061000000.0,2023-07-13,C 制造业,
688152,麒麟信安,35.23,3590000000.0,,,
301418,协昌科技,35.22,2583000000.0,2023-08-21,C 制造业,
300770,新媒股份,35.22,8023999999.999999,2019-04-19,I 信息技术,
601168,西部矿业,35.19,83858000000.0,2007-07-12,,
300911,亿田智能,35.15,6445000000.0,2020-12-03,C 制造业,
600329,达仁堂,35.13,27052999999.999996,2001-06-06,,
301291,明阳电气,35.11,11044000000.0,2023-06-30,C 制造业,
301613,新铝时代,35.08,5872000000.0,2024-10-25,C 制造业,
603661,恒林股份,35.05,4874000000.0,2017-11-21,,
688209,英集芯,35.0,15182000000.0,,,
688166,博瑞医药,35.0,15253000000.0,,,
300736,百邦科技,34.98,4475000000.0,2018-01-09,O 居民服务,
603867,新化股份,34.97,7606000000.0,2019-06-27,,
300400,劲拓股份,34.92,8497000000.0,2014-10-10,C 制造业,
002364,中恒电气,34.92,19680000000.0,2010-03-05,C 制造业,
002289,宇顺电子,34.91,9784000000.0,2009-09-03,C 制造业,
002142,宁波银行,34.91,230531000000.0,2007-07-19,J 金融业,
688180,君实生物-U,34.88,35811000000.0,,,
001221,悍高集团,34.86,13944000000.0,2025-07-30,C 制造业,
001288,运机集团,34.84,8144000000.0,2021-11-01,C 制造业,
688249,晶合集成,34.82,77815000000.0,,,
600522,中天科技,34.8,118771000000.0,2002-10-24,,
300785,值得买,34.78,6916000000.0,2019-07-15,I 信息技术,
300727,润禾材料,34.78,6265000000.0,2017-11-27,C 制造业,
300478,杭州高新,34.77,4404000000.0,2015-06-10,C 制造业,
688363,华熙生物,34.7,16713999999.999998,,,
605196,华通线缆,34.7,17731000000.0,2021-05-11,,
688638,誉辰智能,34.69,1943000000.0,,,
688231,隆达股份,34.65,11073000000.0,,,
920009,丹娜生物,34.63,2685000000.0,2025-11-03,医药制造业,
301067,显盈科技,34.61,3365000000.0,2021-09-22,C 制造业,
001225,和泰机电,34.6,3176000000.0,2023-02-22,C 制造业,
688139,海尔生物,34.6,10951000000.0,,,
688685,迈信林,34.52,5069000000.0,,,
301380,挖金客,34.5,3497999999.9999995,2022-10-25,I 信息技术,
301372,科净源,34.48,2364000000.0,2023-08-11,N 公共环保,
301046,能辉科技,34.47,5811000000.0,2021-08-17,E 建筑业,
301097,天益医疗,34.45,2811000000.0,2022-04-07,C 制造业,
300321,同大股份,34.43,3057000000.0,2012-05-23,C 制造业,
300855,图南股份,34.37,13594000000.0,2020-07-23,C 制造业,
002993,奥海科技,34.28,9463000000.0,2020-08-17,C 制造业,
600482,中国动力,34.25,77687000000.0,2004-07-14,,
002179,中航光电,34.24,71912000000.0,2007-11-01,C 制造业,
603380,易德龙,34.23,5492000000.0,2017-06-22,,
300979,华利集团,34.18,39888000000.0,2021-04-26,C 制造业,
920106,林泰新材,34.17,1934000000.0,2024-12-18,汽车制造业,
688558,国盛智科,34.08,4499000000.0,,,
688283,坤恒顺维,34.08,4151000000.0,,,
600160,XD巨化股,33.97,91710000000.0,1998-06-26,,
301024,霍普股份,33.96,2159000000.0,2021-07-28,M 科研服务,
688657,浩辰软件,33.95,3240000000.0,,,
300623,捷捷微电,33.94,28608999999.999996,2017-03-14,C 制造业,
301203,国泰环保,33.93,2714000000.0,2023-04-04,N 公共环保,
603288,海天味业,33.93,198526000000.0,2014-02-11,,
920269,杰锋动力,33.93,2036000000.0,2026-09-07,汽车制造业,
300339,润和软件,33.9,26998000000.0,2012-07-18,I 信息技术,
605100,华丰股份,33.75,8067000000.0,2020-08-11,,
300920,润阳科技,33.68,4378000000.0,2020-12-25,C 制造业,
688484,南芯科技,33.67,14465000000.0,,,
603658,安图生物,33.65,19228000000.0,2016-09-01,,
688116,天奈科技,33.64,12330000000.0,,,
001335,信凯科技,33.63,3152000000.0,2025-04-15,F 批发零售,
301131,聚赛龙,33.61,1837000000.0,2022-03-14,C 制造业,
688196,卓越新能,33.56,4269000000.0,,,
920165,XD珈凯生,33.56,1620000000.0,2026-08-11,化学原料和化学制品制造业,
002992,宝明科技,33.53,6065000000.0,2020-08-03,C 制造业,
301171,易点天下,33.51,20727000000.0,2022-08-19,I 信息技术,
600763,通策医疗,33.48,14880000000.000002,1996-10-30,,
300593,新雷能,33.42,18130000000.0,2017-01-13,C 制造业,
300458,全志科技,33.41,33197000000.000004,2015-05-15,C 制造业,
000938,紫光股份,33.4,95527000000.0,1999-11-04,C 制造业,
600885,宏发股份,33.39,51674000000.0,1996-02-05,,
603194,中力股份,33.37,13381000000.0,2024-12-24,,
001215,千味央厨,33.36,3240999999.9999995,2021-09-06,C 制造业,
688259,创耀科技,33.34,3724000000.0,,,
688548,广钢气体,33.32,43962000000.0,,,
605118,力鼎光电,33.24,13669000000.0,2020-07-30,,
301173,毓恬冠佳,33.21,2917000000.0,2025-03-03,C 制造业,
688087,英科再生,33.21,6414000000.0,,,
300723,一品红,33.2,14996000000.0,2017-11-16,C 制造业,
688004,博汇科技,33.14,2654000000.0,,,
688211,中科微至,33.12,4342000000.0,,,
920200,振宏股份,33.1,3361999999.9999995,2026-05-07,金属制品业,
688450,光格科技,33.07,2183000000.0,,,
002792,通宇通讯,33.05,17313000000.0,2016-03-28,C 制造业,
301166,优宁维,33.02,2845000000.0,2021-12-28,F 批发零售,
300957,贝泰妮,32.94,13953000000.0,2021-03-25,C 制造业,
002149,西部材料,32.93,16077000000.000002,2007-08-10,C 制造业,
600316,洪都航空,32.91,23600000000.0,2000-12-15,,
688302,海创药业-U,32.89,3257000000.0,,,
300433,蓝思科技,32.87,173512000000.0,2015-03-18,C 制造业,
002842,翔鹭钨业,32.86,11292000000.0,2017-01-19,C 制造业,
688039,当虹科技,32.83,3631000000.0,,,
605566,福莱蒽特,32.82,4376000000.0,2021-10-25,,
300865,大宏立,32.8,3138000000.0,2020-08-24,C 制造业,
600938,中国海油,32.8,1558982000000.0,2022-04-21,,
920268,百迈科,32.79,1777000000.0,2026-09-09,医药制造业,
000426,兴业银锡,32.77,58188000000.0,1996-08-28,B 采矿业,
301300,远翔新材,32.73,2141000000.0,2022-08-19,C 制造业,
600460,士兰微,32.72,54448000000.0,2003-03-11,,
301004,嘉益股份,32.7,4768000000.0,2021-06-25,C 制造业,
300467,迅游科技,32.68,6641000000.0,2015-05-27,I 信息技术,
603655,朗博科技,32.66,3461999999.9999995,2017-12-29,,
002415,海康威视,32.63,299050000000.0,2010-05-28,C 制造业,
688678,福立旺,32.63,13153000000.0,,,
920007,酉立智能,32.62,1453000000.0,2025-08-08,金属制品业,
301599,理奇智能,32.58,14062000000.0,2026-04-30,C 制造业,
603255,鼎际得,32.57,4365000000.0,2022-08-18,,
600353,旭光电子,32.57,26994000000.0,2002-11-20,,
603595,ST东尼,32.55,7566000000.0,2017-07-12,,
002876,三利谱,32.54,5658000000.0,2017-05-25,C 制造业,
603016,新宏泰,32.52,4818000000.0,2016-07-01,,
688758,赛分科技,32.5,13535000000.0,,,
600702,舍得酒业,32.48,10786000000.0,1996-05-24,,
301227,森鹰窗业,32.47,4268000000.0,2022-09-26,C 制造业,
301270,汉仪股份,32.45,3245000000.0000005,2022-08-31,I 信息技术,
688591,泰凌微,32.45,7839000000.0,,,
920029,开发科技,32.43,6711000000.0,2025-03-28,仪器仪表制造业,
300756,金马游乐,32.39,7145999999.999999,2018-12-28,C 制造业,
001373,翔腾新材,32.3,2219000000.0,2023-06-01,C 制造业,
603199,九华旅游,32.3,3575000000.0,2015-03-26,,
301007,德迈仕,32.27,4948000000.0,2021-06-16,C 制造业,
301159,三维天地,32.25,2495000000.0,2022-01-07,I 信息技术,
300607,拓斯达,32.22,15368000000.0,2017-02-09,C 制造业,
605488,福莱新材,32.22,9666000000.0,2021-05-13,,
001396,誉帆科技,32.17,3439000000.0,2025-12-30,M 科研服务,
300710,万隆光电,32.15,3199000000.0,2017-10-19,C 制造业,
300480,光力科技,32.15,11903000000.0,2015-07-02,C 制造业,
000603,盛达资源,32.12,22162000000.0,1996-08-23,B 采矿业,
301468,博盈特焊,32.11,5431000000.0,2023-07-24,C 制造业,
300450,先导智能,32.11,53759000000.0,2015-05-18,C 制造业,
603334,丰倍生物,32.08,4603000000.0,2025-11-05,,
688418,震有科技,32.0,6162000000.0,,,
603078,XD江化微,31.96,12325000000.0,2017-04-10,,
000063,中兴通讯,31.92,152690000000.0,1997-11-18,C 制造业,
300984,金沃股份,31.91,6141000000.0,2021-06-18,C 制造业,
601606,长城军工,31.9,23103000000.0,2018-08-06,,
688683,莱尔科技,31.86,5133000000.0,,,
002335,科华数据,31.85,24028000000.0,2010-01-13,C 制造业,
603260,合盛硅业,31.85,37653000000.0,2017-10-30,,
301459,丰茂股份,31.84,3315000000.0,2023-12-13,C 制造业,
688338,赛科希德,31.8,3375000000.0,,,
002965,祥鑫科技,31.79,8436000000.0,2019-10-25,C 制造业,
603312,西典新能,31.79,5086000000.0,2024-01-11,,
001220,世盟股份,31.78,2933000000.0,2026-02-03,G 运输仓储,
300668,杰恩股份,31.76,3822999999.9999995,2017-06-19,L 商务服务,
002709,天赐材料,31.76,64745000000.00001,2014-01-23,C 制造业,
300342,天银机电,31.74,13491000000.0,2012-07-26,C 制造业,
301668,昊创瑞通,31.71,3488000000.0000005,2025-09-26,C 制造业,
688757,胜科纳米,31.7,12785000000.0,,,
600673,东阳光,31.69,95373000000.0,1993-09-17,,
301512,智信精密,31.67,2365000000.0,2023-07-20,C 制造业,
688595,芯海科技,31.65,4561000000.0,,,
000960,锡业股份,31.61,52012000000.0,2000-02-21,C 制造业,
300875,捷强装备,31.6,3155000000.0,2020-08-24,C 制造业,
603983,丸美生物,31.59,12668000000.0,2019-07-25,,
002959,小熊电器,31.58,4921000000.0,2019-08-23,C 制造业,
920036,觅睿科技,31.57,1718000000.0,2026-03-09,计算机、通信和其他电子设备制造业,
920069,普昂医疗,31.55,1670000000.0,2026-03-27,专用设备制造业,
688319,欧林生物,31.52,12779000000.0,,,
301055,张小泉,31.51,4916000000.0,2021-09-06,C 制造业,
301239,普瑞眼科,31.5,4713000000.0,2022-07-05,Q 卫生,
300917,特发服务,31.45,5315000000.0,2020-12-21,K 房地产,
300938,信测标准,31.4,10703000000.0,2021-01-27,M 科研服务,
920799,艾融软件,31.4,6567000000.0,2020-07-27,软件和信息技术服务业,
605090,九丰能源,31.39,22180000000.0,2021-05-25,,
600612,老凤祥,31.37,16410000000.0,1992-08-14,,
300007,汉威科技,31.36,10269000000.0,2009-10-30,I 信息技术,
301325,曼恩斯特,31.3,4504000000.0,2023-05-12,C 制造业,
603976,正川股份,31.3,5372000000.0,2017-08-22,,
300618,寒锐钴业,31.28,9687000000.0,2017-03-06,C 制造业,
301220,亚香股份,31.24,3529999999.9999995,2022-06-22,C 制造业,
688712,北芯生命,31.22,13019000000.0,,,
301509,金凯生科,31.19,3757000000.0,2023-08-03,C 制造业,
920174,五新智能,31.16,6759000000.0,2021-08-20,专用设备制造业,
603989,艾华集团,31.15,12422000000.0,2015-05-15,,
603014,威高血净,31.15,13013000000.0,2025-05-19,,
300191,潜能恒信,31.11,9955000000.0,2011-03-16,B 采矿业,
603355,莱克电气,31.1,17833000000.0,2015-05-13,,
002943,宇晶股份,31.05,8284999999.999999,2018-11-29,C 制造业,
605020,永和股份,31.04,15856000000.0,2021-07-09,,
601995,中金公司,31.02,149742000000.0,2020-11-02,,
688593,新相微,31.01,14250000000.0,,,
002988,豪美新材,31.0,7744000000.0,2020-05-18,C 制造业,
603868,飞科电器,31.0,13504000000.0,2016-04-18,,
603226,菲林格尔,31.0,11020000000.0,2017-06-15,,
002407,多氟多,30.92,36808000000.0,2010-05-18,C 制造业,
688078,龙软科技,30.92,2254000000.0,,,
300878,维康药业,30.9,4474000000.0,2020-08-24,C 制造业,
688367,工大高科,30.9,2708000000.0,,,
688102,斯瑞新材,30.9,24135000000.0,,,
601601,中国太保,30.88,297076000000.0,2007-12-25,,
603319,美湖股份,30.85,10463000000.0,2016-11-30,,
301313,凡拓数创,30.82,3154000000.0,2022-09-30,I 信息技术,
301042,安联锐视,30.8,2981000000.0,2021-08-05,C 制造业,
603221,爱丽家居,30.8,7462000000.0,2020-03-23,,
300598,诚迈科技,30.77,6677000000.0,2017-01-20,I 信息技术,
301618,长联科技,30.76,3885000000.0,2024-09-30,C 制造业,
688314,康拓医疗,30.76,2511000000.0,,,
301137,哈焊华通,30.74,5589000000.0,2022-03-22,C 制造业,
688107,安路科技,30.73,13840000000.0,,,
605305,中际联合,30.73,6531000000.0,2021-05-06,,
301161,唯万密封,30.7,3684000000.0000005,2022-09-14,C 制造业,
688500,慧辰股份,30.7,2332000000.0,,,
600536,中国软件,30.69,28658000000.0,2002-05-17,,
300881,盛德鑫泰,30.67,3374000000.0,2020-09-01,C 制造业,
301609,山大电力,30.65,4992000000.0,2025-07-23,C 制造业,
688226,威腾电气,30.64,6008000000.0,,,
001395,亚联机械,30.55,3465000000.0,2025-01-27,C 制造业,
001277,速达股份,30.55,2322000000.0,2024-09-03,C 制造业,
002352,顺丰控股,30.54,155911000000.0,2010-02-05,G 运输仓储,
603072,天和磁材,30.53,8068000000.000001,2025-01-03,,
920981,晶赛科技,30.53,2335000000.0,2021-11-15,计算机、通信和其他电子设备制造业,
300085,银之杰,30.51,21560000000.0,2010-05-26,I 信息技术,
688348,昱能科技,30.5,4766000000.0,,,
920096,嘉晨智能,30.5,2105000000.0,2026-05-18,仪器仪表制造业,
301309,万得凯,30.43,3059000000.0,2022-09-19,C 制造业,
300853,申昊科技,30.33,4457000000.0,2020-07-24,C 制造业,
001328,登康口腔,30.32,5220000000.0,2023-04-10,C 制造业,
301112,信邦智能,30.3,3340999999.9999995,2022-06-29,C 制造业,
688568,中科星图,30.3,24485000000.0,,,
605296,神农集团,30.3,15944999999.999998,2021-05-28,,
002937,兴瑞科技,30.25,9559000000.0,2018-09-26,C 制造业,
600605,汇通能源,30.25,6240000000.0,1992-03-27,,
300584,海辰药业,30.24,3629000000.0,2017-01-12,C 制造业,
301208,中亦科技,30.23,3628000000.0,2022-07-07,I 信息技术,
002294,信立泰,30.22,33689999999.999996,2009-09-10,C 制造业,
920060,万源通,30.22,4595000000.0,2024-11-19,计算机、通信和其他电子设备制造业,
301210,金杨精密,30.2,4867000000.0,2023-06-30,C 制造业,
300899,上海凯鑫,30.19,1926000000.0000002,2020-10-16,N 公共环保,
002895,川恒股份,30.17,18279000000.0,2017-08-25,C 制造业,
300739,明阳电路,30.16,11252000000.0,2018-02-01,C 制造业,
301201,诚达药业,30.15,4665000000.0,2022-01-20,C 制造业,
688435,英方软件,30.11,2514000000.0,,,
688178,万德斯,30.11,2559000000.0,,,
301697,贝特利,30.08,7902000000.0,2026-09-01,C 制造业,
301101,明月镜片,30.08,6061000000.0,2021-12-16,C 制造业,
300788,中信出版,30.08,5720000000.0,2019-07-05,R 文化传播,
601899,紫金矿业,30.01,797987000000.0,2008-04-25,,
688388,嘉元科技,30.0,19797000000.0,,,
002903,宇环数控,29.99,4668000000.0,2017-10-13,C 制造业,
301138,华研精机,29.93,3592000000.0,2021-12-15,C 制造业,
920100,三协电机,29.93,3093000000.0,2025-09-08,电气机械和器材制造业,
301231,荣信文化,29.92,2525000000.0,2022-09-08,R 文化传播,
688783,西安奕材-U,29.91,120771000000.0,,,
688366,昊海生科,29.91,6844000000.0,,,
920193,吉和昌,29.91,3329999999.9999995,2026-07-02,化学原料和化学制品制造业,
688552,航天南湖,29.86,10070000000.0,,,
688428,诺诚健华,29.86,52842999999.99999,,,
688755,汉邦科技,29.83,3413000000.0000005,,,
688075,安旭生物,29.82,3790000000.0,,,
603897,长城科技,29.71,6133000000.0,2018-04-10,,
603722,阿科力,29.67,2899000000.0,2017-10-25,,
688158,优刻得-W,29.65,13660000000.0,,,
300998,宁波方正,29.63,4064000000.0,2021-06-02,C 制造业,
603489,八方股份,29.63,6952000000.0,2019-11-11,,
002119,康强电子,29.61,11112000000.0,2007-03-02,C 制造业,
300656,民德电子,29.58,5062000000.0,2017-05-19,C 制造业,
301586,佳力奇,29.57,2454000000.0,2024-08-28,C 制造业,
603005,晶方科技,29.51,19246000000.0,2014-02-10,,
301290,东星医疗,29.5,2955000000.0,2022-11-30,C 制造业,
688088,虹软科技,29.49,11831000000.0,,,
603173,福斯达,29.48,4717000000.0,2023-01-30,,
300888,稳健医疗,29.47,17180000000.0,2020-09-17,C 制造业,
688272,富吉瑞,29.46,2239000000.0,,,
300687,赛意信息,29.45,12028000000.0,2017-08-03,I 信息技术,
301278,快可电子,29.44,2641000000.0,2022-08-04,C 制造业,
688273,麦澜德,29.43,2943000000.0,,,
688350,富淼科技,29.39,4210000000.0,,,
688212,澳华内镜,29.39,3958000000.0,,,
603882,金域医学,29.39,13615000000.0,2017-09-08,,
603590,康辰药业,29.38,4739000000.0,2018-08-27,,
603833,欧派家居,29.36,17784000000.0,2017-03-28,,
603197,保隆科技,29.36,6284000000.0,2017-05-19,,
002747,埃斯顿,29.35,28430000000.0,2015-03-20,C 制造业,
603303,得邦照明,29.33,13988999999.999998,2017-03-30,,
300860,锋尚文化,29.3,5522000000.0,2020-08-24,R 文化传播,
688010,福光股份,29.27,4700000000.0,,,
300850,新强联,29.25,12112000000.0,2020-07-13,C 制造业,
688262,国芯科技,29.24,9825000000.0,,,
301560,众捷股份,29.22,3553000000.0,2025-04-25,C 制造业,
301526,国际复材,29.21,110147000000.0,2023-12-26,C 制造业,
002213,大为股份,29.2,7022000000.0,2008-02-01,C 制造业,
688648,中邮科技,29.19,3970000000.0000005,,,
002796,世嘉科技,29.16,7359000000.0,2016-05-10,C 制造业,
688733,壹石通,29.15,5823000000.0,,,
300626,华瑞股份,29.12,5242000000.0,2017-03-20,C 制造业,
002151,北斗星通,29.12,15810000000.0,2007-08-13,C 制造业,
603322,超讯科技,29.12,4589000000.0,2016-07-28,,
301023,奕帆传动,29.11,2716000000.0,2021-07-07,C 制造业,
300576,容大感光,29.11,11751000000.0,2016-12-20,C 制造业,
300571,平治信息,29.1,4060000000.0,2016-12-13,C 制造业,
600113,浙江东日,29.1,11973000000.0,1997-10-21,,
603063,禾望电气,29.08,13497000000.0,2017-07-28,,
600547,山东黄金,29.07,134010999999.99998,2003-08-28,,
688618,三旺通信,29.06,3198000000.0,,,
688584,上海合晶,29.05,19440000000.0,,,
688788,科思科技,29.04,6357000000.0,,,
301469,恒达新材,29.03,2598000000.0,2023-08-22,C 制造业,
002831,裕同科技,29.0,37362000000.0,2016-12-16,C 制造业,
688358,祥生医疗,29.0,3252000000.0000005,,,
688210,统联精密,28.92,4704000000.0,,,
300991,创益通,28.91,4163000000.0000005,2021-05-20,C 制造业,
688076,ST诺泰,28.83,9134000000.0,,,
300906,日月明,28.8,2304000000.0,2020-11-05,C 制造业,
300955,嘉亨家化,28.77,2900000000.0,2021-03-24,C 制造业,
001210,金房能源,28.77,6316000000.0,2021-07-29,D 水电煤气,
920183,海菲曼,28.77,1408000000.0,2026-03-04,计算机、通信和其他电子设备制造业,
301533,威马农机,28.69,2820000000.0,2023-08-18,C 制造业,
600323,瀚蓝环境,28.68,23384000000.0,2000-12-25,,
688182,灿勤科技,28.67,11468000000.0,,,
920971,天马新材,28.67,2981000000.0,2022-09-27,计算机、通信和其他电子设备制造业,
300652,雷迪克,28.65,3822000000.0,2017-05-16,C 制造业,
600685,中船防务,28.63,40469000000.0,1993-10-28,,
605099,共创草坪,28.62,11524000000.0,2020-09-30,,
688561,奇安信-U,28.61,19519000000.0,,,
002741,光华科技,28.6,13402000000.000002,2015-02-16,C 制造业,
600330,天通股份,28.6,35276000000.0,2001-01-18,,
688786,悦安新材,28.59,4955000000.0,,,
688711,宏微科技,28.58,6195000000.0,,,
920117,龙鑫智能,28.58,2568000000.0,2026-07-16,专用设备制造业,
603596,伯特利,28.55,25627999999.999996,2018-04-27,,
003010,若羽臣,28.45,8850000000.0,2020-09-25,I 信息技术,
300992,泰福泵业,28.44,2710000000.0,2021-05-25,C 制造业,
688370,丛麟科技,28.42,3897000000.0,,,
001216,华瓷股份,28.4,8292000000.0,2021-10-19,C 制造业,
301585,蓝宇股份,28.36,2949000000.0,2024-12-20,C 制造业,
600900,长江电力,28.36,693919000000.0,2003-11-18,,
920159,农大科技,28.33,2153000000.0,2026-01-28,化学原料和化学制品制造业,
603350,安乃达,28.31,3297999999.9999995,2024-07-03,,
603280,南方路机,28.31,3069000000.0,2022-11-08,,
002683,广东宏大,28.26,21474000000.0,2012-06-12,B 采矿业,
300302,同有科技,28.25,13538999999.999998,2012-03-21,I 信息技术,
600895,张江高科,28.22,43704000000.0,1996-04-22,,
301130,西点药业,28.19,2156000000.0,2022-02-23,C 制造业,
603217,元利科技,28.11,5849000000.0,2019-06-20,,
300380,安硕信息,28.08,4580000000.0,2014-01-28,I 信息技术,
603583,捷昌驱动,28.08,10832000000.0,2018-09-21,,
002885,京泉华,28.04,7597000000.0,2017-06-27,C 制造业,
688475,萤石网络,27.99,22042000000.0,,,
603370,华新精科,27.97,4893000000.0,2025-09-05,,
600141,兴发集团,27.95,33433000000.0,1999-06-16,,
603406,天富龙,27.91,11164000000.0,2025-08-08,,
300745,欣锐科技,27.89,4701000000.0,2018-05-23,C 制造业,
002902,铭普光磁,27.86,6547000000.0,2017-09-29,C 制造业,
688077,大地熊,27.86,3189000000.0,,,
301337,亚华电子,27.85,2902000000.0,2023-05-26,I 信息技术,
301501,恒鑫生活,27.83,4115999999.9999995,2025-03-19,C 制造业,
301050,雷电微力,27.83,6890000000.000001,2021-08-24,C 制造业,
002891,中宠股份,27.83,8958000000.0,2017-08-21,C 制造业,
300611,美力科技,27.82,5872000000.0,2017-02-20,C 制造业,
002128,电投能源,27.82,86979000000.0,2007-04-18,B 采矿业,
920050,爱伦医疗,27.82,1882999999.9999998,2026-01-21,医药制造业,
920640,富士达,27.8,5219000000.0,2020-07-27,计算机、通信和其他电子设备制造业,
300916,朗特智能,27.76,4015000000.0,2020-12-02,C 制造业,
002933,新兴装备,27.73,3254000000.0,2018-08-28,C 制造业,
300698,万马科技,27.72,3714000000.0,2017-08-31,C 制造业,
300545,联得装备,27.72,5162000000.0,2016-09-28,C 制造业,
688566,吉贝尔,27.72,5575000000.0,,,
300910,瑞丰新材,27.71,10614000000.0,2020-11-27,C 制造业,
001316,润贝航科,27.71,4466000000.0,2022-06-24,F 批发零售,
688269,凯立新材,27.69,3619000000.0,,,
301079,邵阳液压,27.64,2998000000.0,2021-10-19,C 制造业,
300649,杭州园林,27.63,3659000000.0000005,2017-05-05,M 科研服务,
688399,硕世生物,27.63,3429999999.9999995,,,
300470,中密控股,27.62,5743000000.0,2015-06-12,C 制造业,
301510,固高科技,27.61,11166000000.0,2023-08-15,C 制造业,
300935,盈建科,27.61,2193000000.0,2021-01-20,I 信息技术,
000513,丽珠集团,27.58,24488000000.0,1993-10-28,C 制造业,
688296,和达科技,27.58,2962000000.0,,,
301197,工大科雅,27.56,3322000000.0,2022-08-08,I 信息技术,
300829,金丹科技,27.56,6264000000.0,2020-04-22,C 制造业,
300354,东华测试,27.56,3811999999.9999995,2012-09-20,C 制造业,
600096,云天化,27.56,50242000000.0,1997-07-09,,
002906,华阳集团,27.5,14435000000.0,2017-10-13,C 制造业,
920289,华汇智能,27.5,1870000000.0,2026-09-04,专用设备制造业,
301002,崧盛股份,27.48,3708000000.0,2021-06-07,C 制造业,
300877,金春股份,27.45,3294000000.0,2020-08-24,C 制造业,
002985,北摩高科,27.43,9103000000.0,2020-04-29,C 制造业,
003019,宸展光电,27.41,4850000000.0,2020-11-17,C 制造业,
002158,汉钟精机,27.4,14651000000.0,2007-08-17,C 制造业,
920091,大鹏工业,27.4,1684000000.0,2025-11-21,专用设备制造业,
920071,金钛股份,27.4,6987000000.0,2026-09-03,有色金属冶炼和压延加工业,
920121,江天科技,27.38,1809000000.0,2025-12-25,印刷和记录媒介复制业,
688130,晶华微,27.36,3308000000.0,,,
920505,九菱科技,27.32,1770000000.0,2022-12-21,金属制品业,
301428,世纪恒通,27.31,2695000000.0,2023-05-19,I 信息技术,
002444,巨星科技,27.28,32585000000.000004,2010-07-13,C 制造业,
002824,和胜股份,27.22,8470000000.0,2017-01-12,C 制造业,
001255,博菲电气,27.2,2367000000.0,2022-09-30,C 制造业,
001332,锡装股份,27.19,4206000000.0,2022-09-20,C 制造业,
300927,江天化学,27.18,3924000000.0,2021-01-07,C 制造业,
603351,威尔药业,27.16,3679000000.0,2019-01-30,,
301361,众智科技,27.15,3159000000.0,2022-11-16,C 制造业,
301195,北路智控,27.14,3584000000.0000005,2022-08-01,I 信息技术,
688489,三未信安,27.12,4599000000.0,,,
603666,亿嘉和,27.12,5574000000.0,2018-06-12,,
301221,光庭信息,27.11,3561999999.9999995,2021-12-22,I 信息技术,
002801,微光股份,27.1,6223000000.0,2016-06-22,C 制造业,
600060,海信视像,27.1,35365000000.0,1997-04-22,,
002380,科远智慧,27.02,6484999999.999999,2010-03-31,I 信息技术,
688391,钜泉科技,27.02,3124000000.0,,,
603376,大明电子,27.01,10804000000.0,2025-11-06,,
601091,沈鼓集团,27.0,83970000000.0,2026-09-17,,
688357,建龙微纳,26.93,2695000000.0,,,
603369,今世缘,26.92,33564000000.0,2014-07-03,,
600887,伊利股份,26.9,170152000000.0,1996-03-12,,
600562,国睿科技,26.88,33381000000.0,2003-01-28,,
003030,祖名股份,26.87,3353000000.0,2021-01-06,C 制造业,
301119,正强股份,26.85,3909000000.0000005,2021-11-22,C 制造业,
603383,顶点软件,26.83,5510000000.0,2017-05-22,,
600038,中直股份,26.83,21998000000.0,2000-12-18,,
688106,金宏气体,26.82,14384000000.0,,,
301258,富士莱,26.81,2458000000.0,2022-03-29,C 制造业,
688255,凯尔达,26.8,2944000000.0,,,
600976,健民集团,26.8,4111000000.0,2004-04-19,,
600114,东睦股份,26.78,17876000000.0,2004-05-11,,
301566,达利凯普,26.77,10708000000.0,2023-12-29,C 制造业,
301133,金钟股份,26.77,3252000000.0000005,2021-11-26,C 制造业,
600580,卧龙电驱,26.77,41818000000.0,2002-06-06,,
002074,国轩高科,26.76,48562000000.0,2006-10-18,C 制造业,
603538,美诺华,26.76,9096000000.0,2017-04-07,,
300781,因赛集团,26.75,4392000000.0,2019-06-06,L 商务服务,
603507,振江股份,26.75,6391000000.0,2017-11-06,,
301588,美新科技,26.72,3176000000.0,2024-03-13,C 制造业,
603813,原尚股份,26.72,2806000000.0,2017-09-18,,
300619,金银河,26.69,6037000000.0,2017-03-01,C 制造业,
300153,科泰电源,26.69,8541000000.0,2010-12-29,C 制造业,
002819,东方中科,26.66,7945999999.999999,2016-11-11,F 批发零售,
002648,卫星化学,26.64,89741000000.0,2011-12-28,C 制造业,
688323,瑞华泰,26.61,5333000000.0,,,
300741,华宝股份,26.6,16382000000.0,2018-03-01,C 制造业,
300161,华中数控,26.59,5283000000.0,2011-01-13,C 制造业,
688105,诺唯赞,26.57,13736000000.000002,,,
688716,中研股份,26.52,3227000000.0000005,,,
603324,盛剑科技,26.51,4003000000.0,2021-04-07,,
920367,新赣江,26.51,1879000000.0,2023-02-09,医药制造业,
688153,唯捷创芯,26.5,11403000000.0,,,
300540,蜀道装备,26.49,6029000000.0,2016-08-23,C 制造业,
688062,迈威生物-U,26.47,11825000000.0,,,
301499,维科精密,26.46,3658000000.0,2023-07-21,C 制造业,
301040,中环海陆,26.42,2642000000.0,2021-08-03,C 制造业,
300762,上海瀚讯,26.4,17169000000.0,2019-03-14,C 制造业,
001279,强邦新材,26.4,4224000000.0,2024-10-11,C 制造业,
301181,标榜股份,26.39,3964000000.0,2022-02-21,C 制造业,
603860,中公高科,26.39,1760000000.0000002,2017-08-02,,
002223,鱼跃医疗,26.38,26239000000.0,2008-04-18,C 制造业,
603392,万泰生物,26.38,33355000000.0,2020-04-29,,
000921,海信家电,26.36,36505000000.0,1999-07-13,C 制造业,
002787,华源控股,26.35,8759000000.0,2015-12-31,C 制造业,
688395,正弦电气,26.35,2282000000.0,,,
300995,奇德新材,26.33,2425000000.0,2021-05-26,C 制造业,
002134,天津普林,26.31,6520000000.0,2007-05-16,C 制造业,
301305,朗坤科技,26.3,6364000000.0,2023-05-23,N 公共环保,
301212,联盛化学,26.3,2840000000.0,2022-04-19,C 制造业,
688671,碧兴物联,26.29,2064000000.0,,,
600030,中信证券,26.29,410762000000.0,2003-01-06,,
300627,华测导航,26.28,20866000000.0,2017-03-21,C 制造业,
920592,华信永道,26.28,2123000000.0,2023-07-10,软件和信息技术服务业,
300802,矩子科技,26.26,7459999999.999999,2019-11-14,C 制造业,
300890,翔丰华,26.25,3139000000.0,2020-09-17,C 制造业,
688081,兴图新科,26.25,2705000000.0,,,
600779,水井坊,26.21,12774000000.0,1996-12-06,,
603307,扬州金泉,26.2,2570000000.0,2023-02-16,,
001238,浙江正特,26.16,4059000000.0000005,2022-09-19,C 制造业,
600962,国投中鲁,26.15,6856999999.999999,2004-06-22,,
300566,激智科技,26.14,6851000000.000001,2016-11-15,C 制造业,
002997,瑞鹄模具,26.14,5472000000.0,2020-09-03,C 制造业,
301669,高特电子,26.13,12542000000.0,2026-06-09,C 制造业,
605186,健麾信息,26.11,3551000000.0,2020-12-22,,
300327,中颖电子,26.09,8906000000.0,2012-06-13,C 制造业,
000963,华东医药,26.06,45702000000.0,2000-01-27,F 批发零售,
300975,商络电子,26.03,17883000000.0,2021-04-21,F 批发零售,
000807,云铝股份,26.03,90271000000.0,1998-04-08,C 制造业,
603269,海鸥股份,26.03,11244000000.0,2017-05-17,,
603978,深圳新星,26.01,5491000000.0,2017-08-07,,
603395,红四方,26.01,6763000000.0,2024-11-26,,
600066,宇通客车,26.01,57585000000.0,1997-05-08,,
002246,北化股份,26.0,14275000000.0,2008-06-05,C 制造业,
920961,创远信科,26.0,3714000000.0,2020-07-27,仪器仪表制造业,
001268,联合精密,25.99,3917000000.0,2022-06-30,C 制造业,
603011,合锻智能,25.99,12850000000.0,2014-11-07,,
688175,高凌信息,25.95,4363000000.0,,,
688026,洁特生物,25.95,3642000000.0,,,
301330,熵基科技,25.93,6103000000.0,2022-08-17,C 制造业,
603311,金海高科,25.89,6107000000.0,2015-05-18,,
603895,天永智能,25.87,2796000000.0,2018-01-22,,
605177,东亚药业,25.86,2966000000.0,2020-11-25,,
002989,中天精装,25.83,5208000000.0,2020-06-10,E 建筑业,
601225,陕西煤业,25.83,250421999999.99997,2014-01-28,,
603685,晨丰科技,25.79,6523999999.999999,2017-11-27,,
600520,三佳科技,25.79,4086000000.0,2002-01-08,,
300563,神宇股份,25.77,4694000000.0,2016-11-14,C 制造业,
603048,浙江黎明,25.76,3784000000.0000005,2021-11-16,,
603955,大千生态,25.74,4219000000.0,2017-03-10,,
003023,彩虹集团,25.73,2710000000.0,2020-12-11,C 制造业,
600511,国药股份,25.73,19413000000.0,2002-11-27,,
000933,神火股份,25.72,57844000000.00001,1999-08-31,C 制造业,
300864,南大环境,25.7,4089000000.0,2020-08-24,L 商务服务,
002001,新 和 成,25.7,78987000000.0,2004-06-25,C 制造业,
002240,盛新锂能,25.69,23514000000.0,2008-05-23,C 制造业,
301283,聚胶股份,25.68,2985000000.0,2022-09-02,C 制造业,
001211,双枪科技,25.68,2568000000.0,2021-08-05,C 制造业,
300930,屹通新材,25.67,2567000000.0,2021-01-21,C 制造业,
920111,聚星科技,25.67,3983000000.0,2024-11-11,电气机械和器材制造业,
301335,天元宠物,25.66,3279000000.0,2022-11-18,C 制造业,
002838,道恩股份,25.65,12271000000.0,2017-01-06,C 制造业,
688217,睿昂基因,25.65,1433000000.0,,,
603352,至信股份,25.62,5807000000.0,2026-01-15,,
688208,道通科技,25.6,17157000000.0,,,
603059,倍加洁,25.6,2576000000.0,2018-03-02,,
601069,西部黄金,25.6,23322000000.0,2015-01-22,,
300518,新迅达,25.57,5099000000.0,2016-06-24,I 信息技术,
301001,凯淳股份,25.55,2044000000.0000002,2021-05-28,F 批发零售,
300669,沪宁股份,25.54,4922000000.0,2017-06-29,C 制造业,
002886,沃特股份,25.51,6714000000.0,2017-06-27,C 制造业,
688199,久日新材,25.51,4113000000.0000005,,,
688806,泰诺麦博-U,25.5,11744000000.0,,,
300966,共同药业,25.48,2937000000.0,2021-04-09,C 制造业,
001358,兴欣新材,25.48,3139000000.0,2023-12-21,C 制造业,
603790,雅运股份,25.47,4874000000.0,2018-09-12,,
301388,欣灵电气,25.46,2608000000.0,2022-11-09,C 制造业,
601231,环旭电子,25.45,60798000000.0,2012-02-20,,
920735,德源药业,25.42,3279999999.9999995,2021-02-19,医药制造业,
688709,成都华微,25.41,16182000000.0,,,
300973,立高食品,25.39,4300000000.0,2021-04-15,C 制造业,
605003,众望布艺,25.36,2790000000.0,2020-09-08,,
301266,宇邦新材,25.35,3624000000.0,2022-06-08,C 制造业,
688321,微芯生物,25.35,11229000000.0,,,
603995,甬金股份,25.32,9207000000.0,2019-12-24,,
920110,雷特科技,25.32,986999999.9999999,2022-12-06,计算机、通信和其他电子设备制造业,
920005,鼎佳精密,25.32,2102000000.0,2025-07-31,计算机、通信和其他电子设备制造业,
301456,盘古智能,25.31,3849000000.0,2023-07-14,C 制造业,
300827,上能电气,25.31,14090000000.0,2020-04-10,C 制造业,
300192,科德教育,25.31,11663000000.0,2011-03-22,P 教育,
000739,普洛药业,25.3,29308999999.999996,1997-05-09,C 制造业,
000338,潍柴动力,25.3,218598000000.0,2007-04-30,C 制造业,
301107,瑜欣电子,25.29,3596000000.0,2022-05-24,C 制造业,
300748,金力永磁,25.29,34950000000.0,2018-09-21,C 制造业,
688058,宝兰德,25.25,1914999999.9999998,,,
301500,飞南资源,25.24,14162000000.0,2023-09-21,C 制造业,
301015,百洋医药,25.23,13261000000.000002,2021-06-30,F 批发零售,
603110,东方材料,25.23,5077000000.0,2017-10-13,,
688013,天臣医疗,25.22,2047000000.0,,,
603755,日辰股份,25.22,2487000000.0,2019-08-28,,
603051,鹿山新材,25.22,4107000000.0,2022-03-25,,
920055,隆源股份,25.2,1714000000.0,2026-03-31,汽车制造业,
301378,通达海,25.19,2433000000.0,2023-03-20,I 信息技术,
000880,潍柴重机,25.19,11684000000.0,1998-04-02,C 制造业,
002273,水晶光电,25.17,35002000000.0,2008-09-19,C 制造业,
603235,天新药业,25.17,11019000000.0,2022-07-12,,
300683,海特生物,25.16,3293000000.0,2017-08-08,C 制造业,
002832,比音勒芬,25.15,14353000000.0,2016-12-23,C 制造业,
301222,浙江恒威,25.13,3527000000.0000005,2022-03-09,C 制造业,
300690,双一科技,25.11,4152000000.0000005,2017-08-08,C 制造业,
300557,理工光科,25.09,3942000000.0,2016-11-01,C 制造业,
600456,宝钛股份,25.08,11983000000.0,2002-04-12,,
301068,大地海洋,25.07,3543000000.0,2021-09-28,C 制造业,
601133,柏诚股份,25.05,13181000000.0,2023-04-10,,
300810,中科海讯,25.04,2956000000.0,2019-12-06,I 信息技术,
300521,爱司凯,25.0,3743000000.0,2016-07-05,C 制造业,
688051,佳华科技,25.0,1932999999.9999998,,,
301029,怡合达,24.97,15877000000.000002,2021-07-23,C 制造业,
002625,光启技术,24.97,53800000000.0,2011-11-03,C 制造业,
688162,巨一科技,24.97,3422999999.9999995,,,
605286,同力天启,24.95,4192000000.0,2021-03-22,,
000688,国城矿业,24.94,29556000000.0,1997-01-20,B 采矿业,
688651,盛邦安全,24.94,2556000000.0,,,
920222,益坤电气,24.94,2136000000.0,2026-06-30,电气机械和器材制造业,
002261,拓维信息,24.93,31410000000.000004,2008-07-23,I 信息技术,
920509,同惠电子,24.93,3996000000.0,2021-01-11,仪器仪表制造业,
300609,汇纳科技,24.91,2992000000.0,2017-02-15,I 信息技术,
002430,杭氧股份,24.9,24361000000.0,2010-06-10,C 制造业,
601877,正泰电器,24.9,53509000000.0,2010-01-21,,
920570,坤博精工,24.9,1249000000.0,2023-11-23,通用设备制造业,
605009,豪悦护理,24.88,5348000000.0,2020-09-11,,
688539,高华科技,24.85,4620000000.0,,,
688371,菲沃泰,24.84,8333000000.0,,,
688179,阿拉丁,24.84,9011000000.0,,,
688171,纬德信息,24.82,2900000000.0,,,
300046,台基股份,24.81,5868000000.0,2010-01-20,C 制造业,
002978,安宁股份,24.8,11705000000.0,2020-04-17,B 采矿业,
688403,汇成股份,24.8,24629000000.0,,,
688126,沪硅产业,24.8,81965000000.0,,,
603393,新天然气,24.77,10501000000.0,2016-09-12,,
002315,焦点科技,24.76,10230000000.0,2009-12-09,I 信息技术,
002849,威星智能,24.75,5461000000.0,2017-02-17,C 制造业,
300928,华安鑫创,24.73,1978000000.0,2021-01-06,M 科研服务,
688100,威胜信息,24.73,12159000000.0,,,
301518,长华化学,24.7,3593000000.0,2023-08-03,C 制造业,
600455,博通股份,24.7,1543000000.0,2004-03-29,,
300851,交大思诺,24.69,2146000000.0,2020-07-17,I 信息技术,
300069,金利华电,24.69,2889000000.0,2010-04-21,C 制造业,
301575,艾芬达,24.68,2995000000.0,2025-09-10,C 制造业,
688443,智翔金泰-U,24.61,9024000000.0,,,
605133,嵘泰股份,24.6,7018000000.000001,2021-02-24,,
605088,冠盛股份,24.6,4987000000.0,2020-08-17,,
300572,安车检测,24.58,5629000000.0,2016-12-06,C 制造业,
920092,汉鑫科技,24.58,1526000000.0,2021-11-15,软件和信息技术服务业,
605598,上海港湾,24.56,5916000000.0,2021-09-17,,
300999,金龙鱼,24.55,133100000000.0,2020-10-15,C 制造业,
300547,川环科技,24.55,5325000000.0,2016-09-30,C 制造业,
688311,盟升电子,24.55,4299000000.0,,,
301020,密封科技,24.54,3593000000.0,2021-07-06,C 制造业,
301057,汇隆新材,24.48,2863000000.0,2021-09-09,C 制造业,
300364,中文在线,24.48,17834000000.0,2015-01-21,R 文化传播,
000823,超声电子,24.48,14563999999.999998,1997-10-08,C 制造业,
301279,金道科技,24.45,4120000000.0000005,2022-04-13,C 制造业,
301655,绿控传动,24.42,11126000000.0,2026-08-20,C 制造业,
001287,中电港,24.42,18557000000.0,2023-04-10,F 批发零售,
600566,济川药业,24.41,22500000000.0,2001-08-22,,
301000,肇民科技,24.39,5941000000.0,2021-05-28,C 制造业,
300809,华辰装备,24.38,6181000000.0,2019-12-04,C 制造业,
605179,一鸣食品,24.38,9776000000.0,2020-12-28,,
603726,朗迪集团,24.38,4524000000.0,2016-04-21,,
300937,药易购,24.37,2331000000.0,2021-01-27,F 批发零售,
300792,壹网壹创,24.33,5782000000.0,2019-09-27,I 信息技术,
301052,果麦文化,24.31,2406000000.0,2021-08-30,R 文化传播,
301552,科力装备,24.3,3007000000.0,2024-07-22,C 制造业,
603690,至纯科技,24.3,9306000000.0,2017-01-13,,
002976,瑞玛精密,24.28,4725000000.0,2020-03-06,C 制造业,
605028,世茂能源,24.26,3882000000.0,2021-07-12,,
603207,小方制药,24.25,3922999999.9999995,2024-08-26,,
301508,中机认检,24.24,5480000000.0,2023-12-01,M 科研服务,
002981,朝阳科技,24.24,3310000000.0,2020-04-17,C 制造业,
301381,赛维时代,24.2,9837000000.0,2023-07-12,F 批发零售,
920122,中纺标,24.2,2232000000.0,2022-09-27,专业技术服务业,
301129,瑞纳智能,24.16,3283000000.0,2021-11-02,C 制造业,
000034,神州数码,24.15,24554000000.0,1994-05-09,F 批发零售,
300923,研奥股份,24.14,1897000000.0,2020-12-24,C 制造业,
300844,山水比德,24.13,2249000000.0,2021-08-13,M 科研服务,
002912,中新赛克,24.06,4108000000.0,2017-11-21,I 信息技术,
688510,航亚科技,23.98,6233000000.0,,,
300886,华业香料,23.97,1801000000.0000002,2020-09-16,C 制造业,
300749,顶固集创,23.97,4918000000.0,2018-09-25,C 制造业,
000915,华特达因,23.97,5617000000.0,1999-06-09,C 制造业,
301089,拓新药业,23.96,3032000000.0,2021-10-27,C 制造业,
688067,爱威科技,23.95,1629000000.0,,,
603881,数据港,23.95,20646000000.0,2017-02-08,,
301383,天键股份,23.94,3909000000.0000005,2023-06-09,C 制造业,
002241,歌尔股份,23.94,85180000000.0,2008-05-22,C 制造业,
688729,屹唐股份,23.92,70697000000.0,,,
300554,三超新材,23.91,2731000000.0,2017-04-21,C 制造业,
300520,科大国创,23.87,6970999999.999999,2016-07-08,I 信息技术,
920035,精创电气,23.86,1655999999.9999998,2025-12-02,仪器仪表制造业,
300127,银河磁体,23.84,7704000000.000001,2010-10-13,C 制造业,
688129,东来技术,23.84,2872000000.0,,,
300363,博腾股份,23.83,12950000000.0,2014-01-29,C 制造业,
002815,崇达技术,23.83,29410000000.000004,2016-10-12,C 制造业,
301193,家联科技,23.81,5735000000.0,2021-12-09,C 制造业,
002491,通鼎互联,23.8,29274000000.0,2010-10-21,C 制造业,
001218,丽臣实业,23.8,3195000000.0,2021-10-15,C 制造业,
600801,华新建材,23.75,49376000000.0,1994-01-03,,
000792,盐湖股份,23.7,125409999999.99998,1997-09-04,C 制造业,
300980,祥源新材,23.69,3271000000.0,2021-04-21,C 制造业,
300949,奥雅股份,23.69,2061000000.0,2021-02-26,M 科研服务,
002155,湖南黄金,23.69,37019000000.0,2007-08-16,B 采矿业,
301206,三元生物,23.65,4785000000.0,2022-02-10,C 制造业,
920693,阿为特,23.65,1719000000.0000002,2023-10-27,金属制品业,
300660,江苏雷利,23.63,13736000000.000002,2017-06-02,C 制造业,
002558,巨人网络,23.62,44891000000.0,2011-03-02,I 信息技术,
003028,振邦智能,23.61,3403000000.0,2020-12-28,C 制造业,
605128,上海沿浦,23.61,7413000000.0,2020-09-15,,
600961,株冶集团,23.61,25331000000.0,2004-08-30,,
300859,西域旅游,23.59,3656000000.0,2020-08-06,N 公共环保,
688398,赛特新材,23.57,3954999999.9999995,,,
601698,中国卫通,23.56,99527000000.0,2019-06-28,,
920199,倍益康,23.56,1605000000.0,2022-12-01,计算机、通信和其他电子设备制造业,
605086,龙高股份,23.54,4218000000.0,2021-04-16,,
688592,司南导航,23.52,2732000000.0,,,
002963,豪尔赛,23.51,3535000000.0,2019-10-28,E 建筑业,
600875,东方电气,23.5,81271000000.0,1995-10-10,,
002190,成飞集成,23.46,8416000000.0,2007-12-03,C 制造业,
301163,宏德股份,23.44,1913000000.0,2022-04-19,C 制造业,
603125,常青科技,23.44,9489000000.0,2023-04-10,,
301118,恒光股份,23.42,2579000000.0,2021-11-18,C 制造业,
300115,长盈精密,23.41,31869000000.0,2010-09-02,C 制造业,
600265,*ST景谷,23.41,3039000000.0,2000-08-25,,
601066,中信建投,23.4,181507000000.0,2018-06-20,,
920190,雷神科技,23.4,2340000000.0,2022-12-23,计算机、通信和其他电子设备制造业,
000999,华润三九,23.39,38926000000.0,2000-03-09,C 制造业,
920839,万通液压,23.37,2763000000.0,2020-11-09,通用设备制造业,
002317,众生药业,23.35,19846000000.0,2009-12-11,C 制造业,
688005,容百科技,23.35,16686000000.000002,,,
301578,辰奕智能,23.34,2472000000.0,2023-12-28,C 制造业,
600085,同仁堂,23.34,32010000000.000004,1997-06-25,,
605080,浙江自然,23.33,3286999999.9999995,2021-05-06,,
920593,鼎智科技,23.33,4438000000.0,2023-04-13,电气机械和器材制造业,
688329,艾隆科技,23.32,1800000000.0,,,
603216,梦天家居,23.32,5193000000.0,2021-12-15,,
300199,翰宇药业,23.3,20580000000.0,2011-04-07,C 制造业,
688093,世华科技,23.29,6530000000.0,,,
920058,华洋赛车,23.29,1306000000.0,2023-08-10,铁路、船舶、航空航天和其他运输设备制造业,
603607,京华激光,23.28,4156000000.0,2017-10-25,,
688549,中巨芯-U,23.27,34376000000.0,,,
688136,科兴制药,23.27,4700000000.0,,,
001872,招商港口,23.26,57735000000.0,1993-05-05,G 运输仓储,
601233,桐昆股份,23.26,55336000000.0,2011-05-18,,
300579,数字认证,23.23,6272000000.0,2016-12-23,I 信息技术,
601882,海天精工,23.23,12126000000.0,2016-11-07,,
920368,连城数控,23.19,5445000000.0,2020-07-27,专用设备制造业,
000895,双汇发展,23.18,80311000000.0,1998-12-10,C 制造业,
001378,德冠新材,23.17,4015999999.9999995,2023-10-30,C 制造业,
000975,山金国际,23.17,64239000000.0,2000-06-08,B 采矿业,
300483,首华燃气,23.14,8911000000.0,2015-06-30,B 采矿业,
300243,瑞丰高材,23.14,6469000000.0,2011-07-12,C 制造业,
300255,常山药业,23.11,21239000000.0,2011-08-19,C 制造业,
001203,大中矿业,23.11,35429000000.0,2021-05-10,B 采矿业,
920072,科莱瑞迪,23.11,1770000000.0,2026-06-29,专用设备制造业,
002813,路畅科技,23.1,2772000000.0,2016-10-12,C 制造业,
301170,锡南科技,23.08,2308000000.0,2023-06-27,C 制造业,
300915,海融科技,23.07,2903000000.0,2020-12-02,C 制造业,
301177,迪阿股份,23.06,9230000000.0,2021-12-15,F 批发零售,
688511,天微电子,23.06,3083000000.0,,,
688203,海正生材,23.06,4674000000.0,,,
301397,溯联股份,23.03,4656000000.0,2023-06-28,C 制造业,
300699,光威复材,23.03,19146000000.0,2017-09-01,C 制造业,
603159,上海亚虹,23.03,3224000000.0,2016-08-12,,
600671,天目药业,23.03,2805000000.0,1993-08-23,,
002925,盈趣科技,23.02,17764000000.0,2018-01-15,C 制造业,
001399,惠科股份,22.98,170220000000.0,2026-06-26,C 制造业,
601595,上海电影,22.96,10291000000.0,2016-08-17,,
301012,扬电科技,22.95,4520000000.0,2021-06-22,C 制造业,
920476,海能技术,22.95,2055999999.9999998,2022-10-14,仪器仪表制造业,
301522,上大股份,22.94,8531000000.0,2024-10-16,C 制造业,
600418,江淮汽车,22.93,51688000000.0,2001-08-24,,
920177,恒道科技,22.91,1199000000.0,2026-04-16,专用设备制造业,
003017,大洋生物,22.9,2308000000.0,2020-10-26,C 制造业,
688092,爱科科技,22.9,1893000000.0,,,
600171,上海贝岭,22.88,16219999999.999998,1998-09-24,,
688156,路德科技,22.87,2303000000.0,,,
920790,联迪信息,22.86,1805000000.0,2022-09-02,软件和信息技术服务业,
301376,致欧科技,22.85,9196000000.0,2023-06-21,F 批发零售,
920895,花溪科技,22.85,1292000000.0,2023-04-06,专用设备制造业,
002940,昂利康,22.84,4607000000.0,2018-10-23,C 制造业,
600196,复星医药,22.84,60992999999.99999,1998-08-07,,
688420,美腾科技,22.81,2017000000.0000002,,,
300889,爱克股份,22.75,5010000000.0,2020-09-16,C 制造业,
002922,伊戈尔,22.75,9614000000.0,2017-12-29,C 制造业,
001231,农心科技,22.75,2268000000.0,2022-08-19,C 制造业,
000062,深圳华强,22.74,23784000000.0,1997-01-30,F 批发零售,
603298,杭叉集团,22.72,29758999999.999996,2016-12-27,,
688408,中信博,22.7,4973000000.0,,,
688133,泰坦科技,22.7,3733000000.0,,,
300837,浙矿股份,22.69,2269000000.0,2020-06-05,C 制造业,
920526,凯华材料,22.69,1876000000.0000002,2022-12-22,计算机、通信和其他电子设备制造业,
603556,海兴电力,22.68,11028000000.0,2016-11-10,,
300900,广联航空,22.65,7423000000.0,2020-10-29,C 制造业,
003006,百亚股份,22.64,9727000000.0,2020-09-21,C 制造业,
000534,万泽股份,22.64,11536000000.0,1994-01-10,C 制造业,
600699,均胜电子,22.62,35078000000.0,1993-12-06,,
603679,华体科技,22.61,4017000000.0,2017-06-21,,
300813,泰林生物,22.6,2739000000.0,2020-01-14,C 制造业,
603496,恒为科技,22.58,7230000000.0,2017-06-07,,
301348,蓝箭电子,22.56,5414000000.0,2023-08-10,C 制造业,
603816,顾家家居,22.55,20875000000.0,2016-10-14,,
603248,锡华科技,22.54,10368000000.0,2025-12-23,,
300849,锦盛新材,22.52,3378000000.0,2020-07-10,C 制造业,
300681,英搏尔,22.51,6889000000.0,2017-07-25,C 制造业,
603626,科森科技,22.51,12490000000.0,2017-02-09,,
301551,无线传媒,22.5,9000000000.0,2024-09-26,I 信息技术,
002378,章源钨业,22.5,27032000000.0,2010-03-31,C 制造业,
920953,国子软件,22.5,2883000000.0,2023-08-23,软件和信息技术服务业,
603468,津富士达,22.49,9271000000.0,2026-08-06,,
002297,博云新材,22.47,12878000000.0,2009-09-29,C 制造业,
688759,必贝特-U,22.47,10112000000.0,,,
600009,上海机场,22.46,55888000000.0,1998-02-18,,
301036,双乐股份,22.42,2242000000.0,2021-07-29,C 制造业,
002868,绿康生化,22.42,3484000000.0000005,2017-05-03,C 制造业,
300892,品渥食品,22.39,2239000000.0,2020-09-24,F 批发零售,
301111,粤万年青,22.38,3581000000.0,2021-12-07,C 制造业,
688633,星球石墨,22.37,3811999999.9999995,,,
603665,康隆达,22.37,3583000000.0,2017-03-13,,
603533,掌阅科技,22.37,9818000000.0,2017-09-21,,
603344,星德胜,22.36,4350000000.0,2024-03-20,,
600989,宝丰能源,22.33,163754000000.0,2019-05-16,,
002730,电光科技,22.31,8078000000.0,2014-10-09,C 制造业,
301022,海泰科,22.3,2235000000.0,2021-07-02,C 制造业,
300077,国民技术,22.3,15122000000.0,2010-04-30,C 制造业,
605398,新炬网络,22.3,3629000000.0,2021-01-21,,
688267,中触媒,22.29,5085000000.0,,,
605319,无锡振华,22.29,7804000000.000001,2021-06-07,,
600406,国电南瑞,22.27,178867000000.0,2003-10-16,,
001257,盛龙股份,22.24,40832000000.0,2026-03-31,B 采矿业,
920779,武汉蓝电,22.23,1780000000.0,2023-06-01,仪器仪表制造业,
301503,智迪科技,22.22,2311000000.0,2023-07-17,C 制造业,
300721,怡达股份,22.21,3661000000.0,2017-11-15,C 制造业,
688393,安必平,22.21,2078000000.0,,,
002983,芯瑞达,22.17,4932000000.0,2020-04-28,C 制造业,
000049,德赛电池,22.17,8527000000.0,1995-03-20,C 制造业,
000029,深深房Ａ,22.15,22408000000.0,1993-09-15,K 房地产,
600993,马应龙,22.15,9548000000.0,2004-05-17,,
605222,起帆电缆,22.14,9142000000.0,2020-07-31,,
600750,华润江中,22.14,14072000000.0,1996-09-23,,
600489,中金黄金,22.12,107223000000.0,2003-08-14,,
000768,中航西飞,22.1,61451000000.0,1997-06-26,C 制造业,
688128,中国电研,22.1,8939000000.0,,,
603939,益丰药房,22.08,26770000000.0,2015-02-17,,
301665,泰禾股份,22.06,9927000000.0,2025-04-11,C 制造业,
688191,智洋创新,22.05,7231999999.999999,,,
301587,中瑞股份,22.04,3247000000.0,2024-04-08,C 制造业,
300523,辰安科技,22.01,5120000000.0,2016-07-26,I 信息技术,
300492,华图山鼎,21.96,6046000000.0,2015-12-23,P 教育,
688426,康为世纪,21.96,2470000000.0,,,
301658,首航新能,21.95,9052000000.0,2025-04-02,C 制造业,
301077,星华新材,21.9,3728000000.0,2021-09-30,C 制造业,
002577,雷柏科技,21.9,6147000000.0,2011-04-28,C 制造业,
603899,晨光股份,21.9,20056000000.0,2015-01-27,,
001256,炜冈科技,21.89,3122000000.0,2022-12-05,C 制造业,
605580,恒盛能源,21.89,6129000000.0,2021-08-19,,
920344,三元基因,21.85,2662000000.0,2021-01-08,医药制造业,
301265,华新科技,21.82,6611000000.0,2022-12-16,C 制造业,
000593,德龙汇能,21.77,7806999999.999999,1996-03-12,D 水电煤气,
300588,熙菱信息,21.76,4165999999.9999995,2017-01-05,I 信息技术,
301356,天振股份,21.75,4698000000.0,2022-11-14,C 制造业,
688292,浩瀚深度,21.74,3443000000.0,,,
301302,华如科技,21.72,3385000000.0,2022-06-23,I 信息技术,
002882,金龙羽,21.71,9398000000.0,2017-07-17,C 制造业,
300691,联合光电,21.68,5833000000.0,2017-08-11,C 制造业,
300766,每日互动,21.65,8545999999.999999,2019-03-25,I 信息技术,
920976,视声智能,21.65,1536000000.0,2023-09-01,计算机、通信和其他电子设备制造业,
688161,威高骨科,21.64,8656000000.0,,,
301331,恩威医药,21.61,2223000000.0,2022-09-21,C 制造业,
920491,奥迪威,21.59,3047000000.0,2022-06-14,计算机、通信和其他电子设备制造业,
300801,泰和科技,21.58,4707000000.0,2019-11-28,C 制造业,
603205,健尔康,21.57,3365000000.0,2024-11-07,,
002597,金禾实业,21.56,12253000000.0,2011-07-07,C 制造业,
301386,未来电器,21.51,3011000000.0,2023-03-29,C 制造业,
002880,卫光生物,21.51,4878000000.0,2017-06-16,C 制造业,
001367,海森药业,21.5,3276000000.0,2023-04-10,C 制造业,
603737,三棵树,21.5,19036000000.0,2016-06-03,,
603659,璞泰来,21.5,46100000000.0,2017-11-03,,
301151,冠龙节能,21.48,3629999999.9999995,2022-04-11,C 制造业,
301399,英特科技,21.46,3971000000.0,2023-05-23,C 制造业,
300722,新余国科,21.45,5936000000.0,2017-11-10,C 制造业,
605016,百龙创园,21.45,9009000000.0,2021-04-21,,
300644,南京聚隆,21.44,2378000000.0,2018-02-06,C 制造业,
600026,中远海能,21.4,117083999999.99998,2002-05-23,,
600234,科新发展,21.39,5615000000.0,2000-06-15,,
920008,成电光信,21.36,1362000000.0,2024-08-29,计算机、通信和其他电子设备制造业,
603619,中曼石油,21.35,9871000000.0,2017-11-17,,
600392,盛和资源,21.35,37423000000.0,2003-05-29,,
301318,维海德,21.34,2887000000.0,2022-08-10,C 制造业,
920136,永励精密,21.34,1707000000.0,2026-07-09,汽车制造业,
001319,铭科精技,21.33,3016000000.0,2022-05-12,C 制造业,
688252,天德钰,21.32,8720000000.0,,,
920207,众诚科技,21.32,1966000000.0,2022-09-23,软件和信息技术服务业,
920188,悦龙科技,21.32,1769000000.0000002,2026-03-30,橡胶和塑料制品业,
300631,久吾高科,21.31,2664000000.0,2017-03-23,C 制造业,
603936,博敏电子,21.31,13752000000.000002,2015-12-09,,
300740,水羊股份,21.3,9370000000.0,2018-02-08,C 制造业,
300702,天宇股份,21.3,7412000000.0,2017-09-19,C 制造业,
002816,*ST和科,21.29,2129000000.0,2016-10-25,C 制造业,
688557,兰剑智能,21.28,3156000000.0,,,
002853,皮阿诺,21.26,3889000000.0,2017-03-10,C 制造业,
605089,味知香,21.26,2934000000.0,2021-04-27,,
301379,天山电子,21.25,5896000000.0,2022-11-01,C 制造业,
300537,广信材料,21.24,4401000000.0,2016-08-30,C 制造业,
002810,山东赫达,21.23,7389000000.0,2016-08-26,C 制造业,
300468,四方精创,21.22,11260000000.0,2015-05-27,I 信息技术,
300634,彩讯股份,21.2,9566000000.0,2018-03-23,I 信息技术,
300753,爱朋医疗,21.17,2668000000.0,2018-12-13,C 制造业,
300767,震安科技,21.16,5846000000.0,2019-03-29,C 制造业,
002262,恩华药业,21.16,21434000000.0,2008-07-23,C 制造业,
301076,新瀚新材,21.15,4826000000.0,2021-10-11,C 制造业,
002150,正泰电源,21.15,7631999999.999999,2007-08-10,C 制造业,
603776,永安行,21.15,5938000000.0,2017-08-17,,
300678,中科信息,21.14,6266000000.0,2017-07-28,I 信息技术,
300100,双林股份,21.14,12240000000.0,2010-08-06,C 制造业,
002899,英派斯,21.14,3124000000.0,2017-09-15,C 制造业,
300093,金刚光伏,21.13,11684000000.0,2010-07-08,C 制造业,
301638,南网数字,21.1,67091000000.0,2025-11-18,I 信息技术,
300031,宝通科技,21.1,8836000000.0,2009-12-25,I 信息技术,
003001,中岩大地,21.1,3683000000.0,2020-10-13,E 建筑业,
688613,奥精医疗,21.09,2890000000.0,,,
688518,XD联赢激,21.08,7195000000.0,,,
603192,汇得科技,21.08,3522999999.9999995,2018-08-28,,
300777,中简科技,21.05,9256000000.0,2019-05-16,C 制造业,
301152,天力锂能,21.02,2496000000.0,2022-08-29,C 制造业,
002667,*ST威领,21.02,5478000000.0,2012-03-29,C 制造业,
920510,丰光精密,21.01,3865999999.9999995,2020-12-28,通用设备制造业,
601020,华钰矿业,21.0,17219000000.0,2016-03-16,,
002864,盘龙药业,20.95,2864000000.0,2017-11-16,C 制造业,
000762,西藏矿业,20.95,10911000000.0,1997-07-08,B 采矿业,
603698,航天工程,20.95,11229000000.0,2015-01-28,,
601872,招商轮船,20.93,169000000000.0,2006-12-01,,
920821,则成电子,20.93,2896000000.0,2022-07-06,计算机、通信和其他电子设备制造业,
601858,中国科传,20.9,16521000000.0,2017-01-18,,
300871,回盛生物,20.89,4215000000.0,2020-08-24,C 制造业,
002921,联诚精密,20.89,3112000000.0,2017-12-27,C 制造业,
301371,敷尔佳,20.88,10860000000.0,2023-08-01,C 制造业,
603529,XD爱玛科,20.88,18046000000.0,2021-06-15,,
300457,赢合科技,20.87,13463000000.0,2015-05-14,C 制造业,
300808,久量股份,20.84,3334000000.0000005,2019-11-29,C 制造业,
301259,艾布鲁,20.83,4712000000.0,2022-04-26,N 公共环保,
688177,百奥泰,20.83,8625000000.0,,,
300685,艾德生物,20.81,8118000000.000001,2017-08-02,C 制造业,
605068,明新旭腾,20.8,3374000000.0,2020-11-23,,
301190,善水科技,20.79,4462000000.0,2021-12-24,C 制造业,
300244,迪安诊断,20.79,12993000000.0,2011-07-19,Q 卫生,
688589,力合微,20.79,3021000000.0,,,
688006,杭可科技,20.72,12508000000.0,,,
600857,宁波中百,20.71,4646000000.0,1994-04-25,,
603508,思维列控,20.7,7892000000.0,2015-12-24,,
300680,隆盛科技,20.68,6082000000.0,2017-07-25,C 制造业,
001324,长青科技,20.67,2852000000.0,2023-05-22,C 制造业,
300775,三角防务,20.65,11307000000.0,2019-05-21,C 制造业,
301049,超越科技,20.63,1944000000.0000002,2021-08-24,N 公共环保,
300151,昌红科技,20.63,10986000000.0,2010-12-22,C 制造业,
688739,成大生物,20.62,8587000000.0,,,
300662,科锐国际,20.6,4054000000.0,2017-06-08,L 商务服务,
300642,透景生命,20.59,3340999999.9999995,2017-04-21,C 制造业,
301329,信音电子,20.56,3499000000.0,2023-07-17,C 制造业,
300319,麦捷科技,20.54,18231000000.0,2012-05-23,C 制造业,
301353,普莱得,20.53,2608000000.0,2023-05-30,C 制造业,
300950,德固特,20.5,3150000000.0,2021-03-03,C 制造业,
688819,天能股份,20.5,19928000000.0,,,
688811,有研复材,20.48,10274000000.0,,,
920169,七丰精工,20.48,1655000000.0,2022-04-15,通用设备制造业,
300712,永福股份,20.44,3833000000.0,2017-10-31,E 建筑业,
920161,龙辰科技,20.44,2780000000.0,2026-05-27,计算机、通信和其他电子设备制造业,
300761,立华股份,20.43,17291000000.0,2019-02-18,A 农林牧渔,
002773,康弘药业,20.42,18813000000.0,2015-06-26,C 制造业,
002674,兴业科技,20.42,6035000000.0,2012-05-07,C 制造业,
688636,智明达,20.41,3549000000.0,,,
300696,爱乐达,20.4,6003000000.0,2017-08-22,C 制造业,
688315,诺禾致源,20.4,8490000000.000001,,,
301515,港通医疗,20.38,2038000000.0,2023-07-25,C 制造业,
300638,广和通,20.38,18313000000.0,2017-04-13,C 制造业,
000776,广发证券,20.37,159392000000.0,1997-06-11,J 金融业,
920189,XD康美特,20.37,2881000000.0,2026-07-08,计算机、通信和其他电子设备制造业,
601811,新华文轩,20.35,25109000000.0,2016-08-08,,
603608,天创时尚,20.34,8645000000.0,2016-02-18,,
001230,劲旅环境,20.31,3814000000.0,2022-07-15,N 公共环保,
600343,航天动力,20.3,12956000000.0,2003-04-08,,
920025,凯达重工,20.3,4567000000.0,2026-09-23,专用设备制造业,
001333,光华股份,20.23,2589000000.0,2022-12-08,C 制造业,
688021,XD奥福科,20.22,1545000000.0,,,
603076,乐惠国际,20.21,2439000000.0,2017-11-13,,
000400,许继电气,20.19,20565000000.0,1997-04-18,C 制造业,
603193,润本股份,20.18,8165000000.000001,2023-10-17,,
920118,太湖远大,20.16,1042000000.0,2024-08-22,橡胶和塑料制品业,
688118,普元信息,20.15,1910000000.0000002,,,
603075,热威股份,20.15,8108000000.0,2023-09-11,,
600690,海尔智家,20.14,187364000000.0,1993-11-19,,
300780,德恩精工,20.13,2952000000.0,2019-05-31,C 制造业,
920080,奥美森,20.12,1670000000.0,2025-10-10,专用设备制造业,
688533,上声电子,20.1,3315999999.9999995,,,
300207,欣旺达,20.09,37116000000.0,2011-04-21,C 制造业,
301359,东南电子,20.07,2412000000.0,2022-11-09,C 制造业,
300812,易天股份,20.04,3929999999.9999995,2020-01-09,C 制造业,
002056,横店东磁,20.04,32599000000.0,2006-08-02,C 制造业,
300552,万集科技,20.03,4269000000.0,2016-10-21,C 制造业,
300204,舒泰神,20.02,10838000000.0,2011-04-15,C 制造业,
001296,长江材料,19.99,2990000000.0,2021-12-24,C 制造业,
000935,四川双马,19.99,15261000000.000002,1999-08-24,C 制造业,
301179,泽宇智能,19.98,8080000000.0,2021-12-08,I 信息技术,
003011,海象新材,19.98,2051000000.0000002,2020-09-30,C 制造业,
002829,星网宇达,19.96,4147999999.9999995,2016-12-13,C 制造业,
301565,中仑新材,19.95,7980000000.0,2024-06-20,C 制造业,
301065,本立科技,19.95,2114999999.9999998,2021-09-14,C 制造业,
300443,金雷股份,19.95,6387000000.0,2015-04-22,C 制造业,
300357,我武生物,19.95,10446000000.0,2014-01-21,C 制造业,
300912,凯龙高科,19.94,2271000000.0,2020-12-07,N 公共环保,
603992,松霖科技,19.94,8834000000.0,2019-08-26,,
600570,恒生电子,19.94,37759000000.0,2003-12-16,,
920185,贝特瑞,19.94,22696000000.0,2020-07-27,计算机、通信和其他电子设备制造业,
002066,瑞泰科技,19.93,4682000000.0,2006-08-23,C 制造业,
920239,长虹能源,19.93,3629000000.0,2021-02-09,电气机械和器材制造业,
000951,中国重汽,19.9,23263000000.0,1999-11-25,C 制造业,
688288,鸿泉技术,19.9,1986000000.0,,,
300592,华凯易佰,19.86,7770000000.0,2017-01-20,F 批发零售,
002734,利民股份,19.86,9366000000.0,2015-01-27,C 制造业,
603681,永冠新材,19.86,4722000000.0,2019-03-26,,
601137,博威合金,19.85,18225000000.0,2011-01-27,,
600869,远东股份,19.83,44010000000.0,1995-02-06,,
688695,中创股份,19.82,1686000000.0,,,
301263,泰恩康,19.81,10115000000.0,2022-03-29,F 批发零售,
301192,泰祥股份,19.81,2005999999.9999998,2022-08-11,C 制造业,
603080,新疆火炬,19.8,2802000000.0,2018-01-03,,
600007,中国国贸,19.8,19944000000.0,1999-03-12,,
300846,首都在线,19.79,10006000000.0,2020-07-01,I 信息技术,
001360,南矿集团,19.79,4036999999.9999995,2023-04-10,C 制造业,
688057,金达莱,19.79,5462000000.0,,,
603211,晋拓股份,19.78,5376000000.0,2022-07-25,,
600188,兖矿能源,19.76,198328000000.0,1998-07-01,,
300898,熊猫乳品,19.75,2449000000.0,2020-10-16,C 制造业,
003008,开普检测,19.75,2054000000.0,2020-09-23,M 科研服务,
000026,飞亚达,19.75,8014000000.0,1993-06-03,F 批发零售,
920086,科马材料,19.74,1652000000.0,2026-01-16,汽车制造业,
301262,海看股份,19.73,8227000000.0,2023-06-20,I 信息技术,
688207,格灵深瞳,19.72,5107000000.0,,,
301584,建发致新,19.71,8343000000.000001,2025-09-25,F 批发零售,
600426,华鲁恒升,19.71,54201000000.0,2002-06-20,,
601958,金钼股份,19.7,63564000000.0,2008-04-17,,
300790,宇瞳光学,19.67,10236000000.0,2019-09-20,C 制造业,
002977,*ST天箭,19.66,2362000000.0,2020-03-17,C 制造业,
603613,国联股份,19.66,14166000000.0,2019-07-30,,
920403,康农种业,19.66,2149000000.0,2024-01-18,农业,
301091,深城交,19.63,10351000000.0,2021-10-29,M 科研服务,
300948,冠中生态,19.63,3227000000.0000005,2021-02-25,N 公共环保,
603137,恒尚节能,19.63,3590999999.9999995,2023-04-19,,
920689,克莱特,19.61,1439000000.0,2022-03-21,通用设备制造业,
605116,奥锐特,19.6,7961000000.0,2020-09-21,,
920651,天罡股份,19.6,1196000000.0,2023-06-27,仪器仪表制造业,
001388,信通电子,19.59,4579000000.0,2025-07-01,C 制造业,
603172,万丰股份,19.59,2613000000.0,2023-05-10,,
002927,泰永长征,19.58,4370000000.0,2018-02-23,C 制造业,
300286,安科瑞,19.57,4908000000.0,2012-01-13,C 制造业,
688369,致远互联,19.57,2255000000.0,,,
000997,新 大 陆,19.53,19786000000.0,2000-08-07,I 信息技术,
300977,深圳瑞捷,19.52,2990000000.0,2021-04-20,M 科研服务,
920046,亿能电力,19.51,1973000000.0,2022-10-13,电气机械和器材制造业,
000028,国药一致,19.5,11938000000.0,1993-08-09,F 批发零售,
605033,美邦股份,19.48,2634000000.0,2021-09-16,,
920166,海圣医疗,19.48,1467000000.0,2026-02-12,专用设备制造业,
603908,牧高笛,19.45,1811000000.0,2017-03-07,,
600184,光电股份,19.45,11334000000.0,2003-11-06,,
920107,恒兴股份,19.43,1630000000.0,2026-08-17,化学原料和化学制品制造业,
002803,吉宏股份,19.42,8893000000.0,2016-07-12,F 批发零售,
600667,太极实业,19.41,40597000000.0,1993-07-28,,
002757,南兴股份,19.4,5732000000.0,2015-05-27,C 制造业,
300632,光莆股份,19.39,5917000000.0,2017-04-06,C 制造业,
600332,白云山,19.39,31524000000.0,2001-02-06,,
301010,晶雪节能,19.38,2093000000.0,2021-06-18,C 制造业,
300428,立中集团,19.38,13287000000.0,2015-03-19,C 制造业,
002287,奇正藏药,19.38,11088000000.0,2009-08-28,C 制造业,
000887,中鼎股份,19.38,25514000000.0,1998-12-03,C 制造业,
002265,建设工业,19.36,20000000000.0,2008-08-06,C 制造业,
301516,中远通,19.35,5432000000.0,2023-12-08,C 制造业,
001269,欧晶科技,19.35,3722999999.9999995,2022-09-30,C 制造业,
300577,开润股份,19.34,4638000000.0,2016-12-21,C 制造业,
603948,建业股份,19.34,3143000000.0,2020-03-02,,
603638,艾迪精密,19.34,17033000000.000002,2017-01-20,,
002952,亚世光电,19.33,3177000000.0,2019-03-28,C 制造业,
603933,睿能科技,19.33,4011999999.9999995,2017-07-06,,
300717,华信新材,19.32,1986000000.0,2017-11-06,C 制造业,
000993,闽东电力,19.32,8848000000.0,2000-07-31,D 水电煤气,
300738,奥飞数据,19.31,19024000000.0,2018-01-19,I 信息技术,
301027,华蓝集团,19.3,2837000000.0,2021-07-15,M 科研服务,
300399,天利科技,19.3,3814000000.0,2014-10-09,I 信息技术,
688157,松井股份,19.3,3622999999.9999995,,,
688038,中科通达,19.3,2246000000.0,,,
301106,骏成科技,19.28,2756000000.0,2022-01-28,C 制造业,
301207,华兰疫苗,19.27,11582000000.0,2022-02-18,C 制造业,
300840,酷特智能,19.27,4625000000.0,2020-07-08,C 制造业,
300633,开立医疗,19.26,8181999999.999999,2017-04-06,C 制造业,
002568,百润股份,19.25,20051000000.0,2011-03-25,C 制造业,
001260,坤泰股份,19.24,2213000000.0,2023-02-16,C 制造业,
002579,中京电子,19.22,11775000000.0,2011-05-06,C 制造业,
001336,楚环科技,19.19,2005000000.0,2022-07-25,C 制造业,
603002,宏昌电子,19.19,21763000000.0,2012-05-18,,
003022,联泓新科,19.18,25616000000.000004,2020-12-08,C 制造业,
688298,东方生物,19.18,3867000000.0,,,
603382,海阳科技,19.16,3472999999.9999995,2025-06-12,,
301255,通力科技,19.15,2917000000.0,2022-12-27,C 制造业,
001380,华纬科技,19.13,5181000000.0,2023-05-16,C 制造业,
600980,XD北矿科,19.13,3697000000.0,2004-05-12,,
603990,麦迪科技,19.12,5836000000.0,2016-12-08,,
688352,颀中科技,19.09,22709000000.0,,,
300629,新劲刚,19.08,4797000000.0,2017-03-24,C 制造业,
920093,信胜科技,19.08,2690000000.0,2026-08-21,专用设备制造业,
002189,中光学,19.06,4978000000.0,2007-12-03,C 制造业,
920128,胜业电气,19.06,1547000000.0,2024-11-29,电气机械和器材制造业,
300445,康斯特,19.05,4047000000.0,2015-04-24,C 制造业,
002623,亚玛顿,19.05,3678000000.0,2011-10-13,C 制造业,
000833,粤桂股份,19.05,16290000000.0,1998-11-11,S 综合,
601838,成都银行,19.04,80700000000.0,2018-01-31,,
600882,妙可蓝多,19.04,9681000000.0,1995-12-06,,
002888,惠威科技,19.03,2810000000.0,2017-07-21,C 制造业,
300413,芒果超媒,19.0,35544000000.0,2015-01-21,I 信息技术,
001209,洪兴股份,19.0,2499000000.0,2021-07-23,C 制造业,
688030,山石网科,19.0,3425000000.0,,,
920022,世昌股份,19.0,1146000000.0,2025-09-19,汽车制造业,
300960,通业科技,18.99,2756000000.0,2021-03-29,C 制造业,
300880,迦南智能,18.98,3704000000.0,2020-09-01,C 制造业,
300530,领湃科技,18.98,3264000000.0,2016-08-09,C 制造业,
603281,江瀚新材,18.96,9833000000.0,2023-01-31,,
300415,伊之密,18.95,8879000000.0,2015-01-23,C 制造业,
002039,黔源电力,18.94,8098000000.0,2005-03-03,D 水电煤气,
600312,平高电气,18.94,25700000000.0,2001-02-21,,
600645,中源协和,18.91,8849000000.0,1993-05-04,,
920160,北矿检测,18.91,2142000000.0000002,2025-11-18,专业技术服务业,
300885,海昌新材,18.9,4690000000.0,2020-09-10,C 制造业,
603004,鼎龙科技,18.9,4451000000.0,2023-12-27,,
603073,彩蝶实业,18.88,2190000000.0,2023-03-16,,
603733,仙鹤股份,18.87,15422000000.0,2018-04-20,,
301026,浩通科技,18.86,4179000000.0,2021-07-16,C 制造业,
300196,长海股份,18.84,7705000000.0,2011-03-29,C 制造业,
600285,羚锐制药,18.83,10679000000.0,2000-10-18,,
688117,圣诺生物,18.82,4147000000.0,,,
603615,茶花股份,18.82,4551000000.0,2017-02-13,,
600079,ST人福,18.82,30718000000.0,1997-06-06,,
000738,航发控制,18.81,24739000000.0,1997-06-26,C 制造业,
603701,德宏股份,18.81,4916000000.0,2016-04-12,,
300505,川金诺,18.77,5159000000.0,2016-03-15,C 制造业,
600835,上海机电,18.77,18907000000.0,1994-02-24,,
688569,XD铁科轨,18.75,3950000000.0,,,
688382,益方生物-U,18.75,10867000000.0,,,
688317,之江生物,18.75,3560000000.0,,,
300902,国安达,18.74,3407000000.0,2020-10-29,C 制造业,
603042,华脉科技,18.73,3910000000.0,2017-06-02,,
920547,无锡晶海,18.72,1454000000.0,2023-12-12,医药制造业,
002767,先锋电子,18.71,2807000000.0,2015-06-12,C 制造业,
605151,西上海,18.7,2516000000.0,2020-12-15,,
603958,哈森股份,18.7,4102000000.0000005,2016-06-29,,
000048,京基智农,18.66,9894000000.0,1994-11-01,A 农林牧渔,
300257,开山股份,18.65,18531000000.0,2011-08-19,C 制造业,
300504,天邑股份,18.64,5052000000.0,2018-03-30,C 制造业,
301223,中荣股份,18.63,3597999999.9999995,2022-10-26,C 制造业,
300497,富祥股份,18.58,10008000000.0,2015-12-22,C 制造业,
300174,元力股份,18.55,6756000000.0,2011-02-01,C 制造业,
001207,联科科技,18.55,5623000000.0,2021-06-23,C 制造业,
000510,新金路,18.55,12030000000.0,1993-05-07,C 制造业,
603100,川仪股份,18.55,9519000000.0,2014-08-05,,
600803,新奥股份,18.54,57385000000.0,1994-01-03,,
600459,贵研铂业,18.53,15253000000.0,2003-05-16,,
600714,金瑞矿业,18.51,5334000000.0,1996-06-06,,
603196,璞源材料,18.49,7742000000.0,2017-05-31,,
300735,光弘科技,18.47,15054000000.0,2017-12-29,C 制造业,
603386,骏亚科技,18.47,6027000000.0,2017-09-12,,
603230,内蒙新华,18.47,6530000000.0,2021-12-24,,
300580,贝斯特,18.46,9273000000.0,2017-01-11,C 制造业,
688251,井松智能,18.45,1855999999.9999998,,,
603097,江苏华辰,18.44,4240000000.0,2022-05-12,,
301063,海锅股份,18.43,1923000000.0,2021-09-24,C 制造业,
920078,族兴新材,18.43,2212000000.0,2026-03-18,化学原料和化学制品制造业,
002346,柘中股份,18.41,8129000000.000001,2010-01-28,C 制造业,
301051,信濠光电,18.4,5230000000.0,2021-08-27,C 制造业,
002580,圣阳股份,18.4,8351000000.000001,2011-05-06,C 制造业,
002318,久立特材,18.4,17980000000.0,2009-12-11,C 制造业,
688522,纳睿雷达,18.4,7802000000.0,,,
002402,和而泰,18.37,16963000000.0,2010-05-11,C 制造业,
920662,方盛股份,18.37,1620000000.0,2022-11-28,通用设备制造业,
002048,宁波华翔,18.36,14912000000.0,2005-06-03,C 制造业,
600764,中国海防,18.36,13047000000.0,1996-11-04,,
001312,福恩股份,18.35,4282000000.0,2026-04-21,C 制造业,
000668,荣丰控股,18.35,2758000000.0,1996-12-10,K 房地产,
300711,广哈通信,18.34,5143000000.0,2017-11-01,C 制造业,
603579,荣泰健康,18.33,3685000000.0,2017-01-11,,
002833,弘亚数控,18.32,7861000000.0,2016-12-28,C 制造业,
603151,邦基科技,18.32,3138000000.0,2022-10-19,,
002389,航天彩虹,18.31,18034000000.0,2010-04-13,C 制造业,
301172,君逸数码,18.29,4111999999.9999995,2023-07-26,I 信息技术,
688687,凯因科技,18.29,3127000000.0,,,
301505,苏州规划,18.28,2091000000.0,2023-07-19,M 科研服务,
300059,东方财富,18.28,289230000000.0,2010-03-19,J 金融业,
002541,鸿路钢构,18.26,13194000000.0,2011-01-18,C 制造业,
603598,引力传媒,18.26,4933000000.0,2015-05-27,,
600845,宝信软件,18.26,52185000000.0,1994-03-11,,
688793,倍轻松,18.25,1551000000.0,,,
603032,德新科技,18.25,4256000000.0,2017-01-05,,
603727,博迈科,18.24,5139000000.0,2016-11-22,,
002214,大立科技,18.22,10908000000.0,2008-02-18,C 制造业,
688670,金迪克,18.21,2243000000.0,,,
601156,东航物流,18.21,28908999999.999996,2021-06-09,,
002871,伟隆股份,18.2,4584000000.0,2017-05-11,C 制造业,
002645,华宏科技,18.2,13707000000.0,2011-12-20,C 制造业,
002557,洽洽食品,18.2,9207000000.0,2011-03-02,C 制造业,
600552,凯盛科技,18.2,17192000000.0,2002-11-08,,
600529,山东药玻,18.2,12078000000.0,2002-06-03,,
603721,中广天择,18.19,2365000000.0,2017-08-11,,
603220,中贝通信,18.18,9751000000.0,2018-11-15,,
600506,统一股份,18.18,4538000000.0,2001-12-26,,
920288,华大海天,18.17,1324000000.0,2026-08-28,造纸和纸制品业,
601688,华泰证券,18.16,163928000000.0,2010-02-26,,
920504,博迅生物,18.15,786000000.0,2023-08-17,仪器仪表制造业,
001308,康冠科技,18.14,12772000000.0,2022-03-18,C 制造业,
600729,重百集团,18.14,7990000000.000001,1996-07-02,,
603320,迪贝电气,18.12,2703000000.0,2017-05-02,,
600315,上海家化,18.12,12181000000.0,2001-03-15,,
301199,迈赫股份,18.11,3381000000.0,2021-12-07,C 制造业,
002967,广电计量,18.11,11584000000.0,2019-11-08,M 科研服务,
600389,江山股份,18.11,7798999999.999999,2001-01-10,,
000581,威孚高科,18.1,17499000000.0,1998-09-24,C 制造业,
688339,亿华通-U,18.1,4354000000.0,,,
605507,国邦医药,18.1,14161000000.000002,2021-08-02,,
002935,天奥电子,18.08,7627000000.0,2018-09-03,C 制造业,
920066,科拜尔,18.07,1136000000.0,2024-10-31,橡胶和塑料制品业,
603266,天龙股份,18.06,3592000000.0,2017-01-10,,
600754,锦江酒店,18.03,19185000000.0,1996-10-11,,
688620,安凯微,18.01,7059999999.999999,,,
920706,铁拓机械,18.01,1704000000.0,2024-03-08,专用设备制造业,
603409,汇通控股,17.99,3378000000.0,2025-03-04,,
301311,昆船智能,17.98,4315000000.0,2022-11-30,C 制造业,
920418,苏轴股份,17.97,2920000000.0,2020-07-27,通用设备制造业,
688639,华恒生物,17.95,4490000000.0,,,
688334,西高院,17.95,5683000000.0,,,
000070,特发信息,17.94,15579000000.0,2000-05-11,C 制造业,
603876,鼎胜新材,17.94,16671000000.0,2018-04-18,,
920396,常辅股份,17.94,1296000000.0,2020-11-18,仪器仪表制造业,
603262,技源集团,17.93,7172000000.0,2025-07-23,,
603132,金徽股份,17.93,17536000000.0,2022-02-22,,
600137,浪莎股份,17.93,1743000000.0,1998-04-16,,
300539,横河精密,17.92,4815000000.0,2016-08-30,C 制造业,
002879,长缆科技,17.92,3460000000.0,2017-07-07,C 制造业,
600233,圆通速递,17.92,61378000000.0,2000-06-08,,
301135,瑞德智能,17.91,2325000000.0,2022-04-12,C 制造业,
603276,恒兴新材,17.91,3719000000.0,2023-09-25,,
300130,新国都,17.9,10155000000.0,2010-10-19,C 制造业,
002202,金风科技,17.9,75583000000.0,2007-12-26,C 制造业,
920098,科隆新材,17.89,1455000000.0,2024-12-05,橡胶和塑料制品业,
603960,克来机电,17.88,4688000000.0,2017-03-14,,
601166,兴业银行,17.88,378392000000.0,2007-02-05,,
600862,中航高科,17.88,24908000000.0,1994-05-20,,
300716,*ST泉为,17.85,2856000000.0,2017-11-09,C 制造业,
600990,四创电子,17.85,4802000000.0,2004-05-10,,
300486,东杰智能,17.83,8508000000.0,2015-06-30,C 制造业,
601123,马矿股份,17.82,22001000000.0,2026-09-01,,
002856,*ST美芝,17.79,2407000000.0,2017-03-20,E 建筑业,
002203,海亮股份,17.78,40747000000.0,2008-01-16,C 制造业,
001390,古麒绒材,17.78,3556000000.0,2025-05-29,C 制造业,
603118,共进股份,17.76,13982000000.0,2015-02-25,,
301073,君亭酒店,17.75,3452000000.0000005,2021-09-30,H 住宿餐饮,
300901,中胤时尚,17.75,4260000000.0,2020-10-29,M 科研服务,
002270,华明装备,17.75,15908000000.000002,2008-09-05,C 制造业,
688276,百克生物,17.75,7342000000.0,,,
605369,拱东医疗,17.75,3902000000.0000005,2020-09-16,,
301113,雅艺科技,17.74,2098999999.9999998,2021-12-22,C 制造业,
300322,硕贝德,17.73,8156000000.0,2012-06-08,C 制造业,
002733,雄韬股份,17.72,6808000000.0,2014-12-03,C 制造业,
603109,神驰机电,17.72,3701000000.0,2019-12-31,,
300879,大叶股份,17.71,3584000000.0000005,2020-09-01,C 制造业,
300922,天秦装备,17.7,2847000000.0,2020-12-25,C 制造业,
688455,科捷智能,17.7,2974000000.0,,,
600397,江钨装备,17.7,17522000000.0,2002-07-02,,
002857,三晖电气,17.69,2367000000.0,2017-03-23,C 制造业,
002826,易明医药,17.68,3371000000.0,2016-12-09,C 制造业,
603988,中电电机,17.68,4158000000.0,2014-11-04,,
301246,宏源药业,17.67,7068000000.000001,2023-03-20,C 制造业,
300971,博亚精工,17.67,2078000000.0,2021-04-15,C 制造业,
603057,紫燕食品,17.67,7334999999.999999,2022-09-26,,
920011,晨光电机,17.67,1461000000.0,2026-04-08,电气机械和器材制造业,
002173,创新医疗,17.66,7793000000.000001,2007-09-25,Q 卫生,
001323,慕思股份,17.66,7684000000.0,2022-06-23,C 制造业,
002760,凤形股份,17.65,1905999999.9999998,2015-06-11,C 制造业,
601001,晋控煤业,17.65,29541000000.000004,2006-06-23,,
605338,巴比食品,17.63,4224000000.0,2020-10-12,,
300970,华绿生物,17.62,2818000000.0,2021-04-12,A 农林牧渔,
300867,圣元环保,17.62,4788000000.0,2020-08-24,N 公共环保,
603906,龙蟠科技,17.62,13938999999.999998,2017-04-10,,
300981,中红医疗,17.61,7552000000.0,2021-04-27,C 制造业,
300643,万通智控,17.6,4076000000.0,2017-05-05,C 制造业,
688335,复洁科技,17.6,2605000000.0,,,
600089,特变电工,17.6,88929000000.0,1997-06-18,,
003029,吉大正元,17.59,3406000000.0,2020-12-24,I 信息技术,
301601,惠通科技,17.58,2470000000.0,2025-01-15,M 科研服务,
002185,华天科技,17.58,58484000000.0,2007-11-20,C 制造业,
688512,慧智微-U,17.58,8314000000.0,,,
603888,新华网,17.58,13047999999.999998,2016-10-28,,
603589,口子窖,17.58,10515000000.0,2015-06-29,,
603519,立霸股份,17.58,4682000000.0,2015-03-19,,
603656,泰禾智能,17.56,3213000000.0000005,2017-03-21,,
603112,华翔股份,17.56,9482000000.0,2020-09-17,,
603233,大参林,17.55,19987000000.0,2017-07-31,,
301276,嘉曼服饰,17.54,2273000000.0,2022-09-09,C 制造业,
300791,仙乐健康,17.52,5400000000.0,2019-09-25,C 制造业,
300897,山科智能,17.51,3429000000.0,2020-09-28,C 制造业,
688079,美迪凯,17.51,7209999999.999999,,,
603926,铁流股份,17.51,4079999999.9999995,2017-05-10,,
300568,星源材质,17.5,26170000000.0,2016-12-01,C 制造业,
688351,微电生理,17.5,8236000000.0,,,
920273,一致魔芋,17.5,1803000000.0,2023-02-21,食品制造业,
000623,吉林敖东,17.48,20904000000.0,1996-10-28,C 制造业,
000506,招金黄金,17.48,16238999999.999998,1993-03-12,B 采矿业,
300931,通用电梯,17.46,4246000000.0,2021-01-21,C 制造业,
002774,快意电梯,17.46,5879000000.0,2017-03-24,C 制造业,
600388,紫金龙净,17.46,24659000000.0,2000-12-29,,
688232,新点软件,17.45,5619000000.0,,,
600999,招商证券,17.44,151667000000.0,2009-11-17,,
605259,绿田机械,17.43,3006000000.0,2021-06-15,,
300700,岱勒新材,17.42,6916000000.0,2017-09-12,C 制造业,
603282,亚光股份,17.42,2331000000.0,2023-03-15,,
301429,森泰股份,17.41,2057999999.9999998,2023-04-17,C 制造业,
002534,西子洁能,17.41,14554000000.0,2011-01-10,C 制造业,
002555,三七互娱,17.38,38449000000.0,2011-03-02,I 信息技术,
920942,恒立钻具,17.37,1061999999.9999999,2022-12-08,专用设备制造业,
301185,鸥玛软件,17.35,2662000000.0,2021-11-19,I 信息技术,
300562,乐心股份,17.35,3797999999.9999995,2016-11-16,C 制造业,
920578,巨能股份,17.35,1327000000.0,2023-05-12,通用设备制造业,
300226,上海钢联,17.33,6628000000.0,2011-06-08,L 商务服务,
002956,西麦食品,17.33,5416000000.0,2019-06-19,C 制造业,
300421,力星股份,17.3,5087000000.0,2015-02-17,C 制造业,
688737,中自科技,17.3,2068000000.0,,,
605011,杭州热电,17.3,6922000000.0,2021-06-30,,
920599,同力股份,17.28,7992000000.0,2021-02-22,专用设备制造业,
920061,西磁科技,17.28,1223000000.0,2023-12-21,专用设备制造业,
603716,塞力医疗,17.27,3899000000.0,2016-10-31,,
920522,纳科诺尔,17.25,3786000000.0,2023-11-16,专用设备制造业,
000703,恒逸石化,17.24,70884000000.0,1997-03-28,C 制造业,
605277,新亚电子,17.24,6703000000.0,2021-01-06,,
000985,大庆华科,17.23,2234000000.0,2000-07-26,C 制造业,
600926,杭州银行,17.23,124900000000.0,2016-10-27,,
002058,紫竹高科,17.22,2470000000.0,2006-08-02,C 制造业,
688246,嘉和美康,17.22,2369000000.0,,,
603588,XD高能环,17.22,26230000000.0,2014-12-29,,
601211,国泰海通,17.21,302570000000.0,2015-06-26,,
920006,晟楠科技,17.21,1554000000.0,2023-05-18,铁路、船舶、航空航天和其他运输设备制造业,
600031,三一重工,17.2,158154000000.0,2003-07-03,,
920978,开特股份,17.2,3096000000.0,2023-09-28,汽车制造业,
300560,中富通,17.19,3949000000.0,2016-11-01,I 信息技术,
300409,道氏技术,17.19,13447000000.0,2014-12-03,C 制造业,
920026,卓兆点胶,17.17,1973000000.0,2023-10-19,专用设备制造业,
603231,索宝蛋白,17.16,3285000000.0,2023-12-15,,
600872,中炬高新,17.15,13222000000.0,1995-01-24,,
002612,朗姿股份,17.14,7584000000.0,2011-08-30,C 制造业,
001311,多利科技,17.14,6919000000.0,2023-02-27,C 制造业,
300440,运达科技,17.13,7570000000.0,2015-04-23,I 信息技术,
603706,东方环宇,17.12,3242000000.0,2018-07-09,,
603356,华菱精工,17.11,2281000000.0,2018-01-24,,
603316,诚邦股份,17.09,4614000000.0,2017-06-19,,
688151,华强科技,17.08,5884000000.0,,,
603993,洛阳钼业,17.08,365415000000.0,2012-10-09,,
603225,新凤鸣,17.07,28635000000.000004,2017-04-18,,
301216,万凯新材,17.05,9892000000.0,2022-03-29,C 制造业,
920187,通领科技,17.05,1543000000.0,2026-03-05,汽车制造业,
301153,中科江南,17.04,6061000000.0,2022-05-18,I 信息技术,
600745,*ST闻泰,17.04,21707000000.0,1996-08-28,,
002995,天地在线,17.02,3020000000.0,2020-08-05,L 商务服务,
603826,坤彩科技,17.02,14497000000.0,2017-04-14,,
001206,依依股份,17.0,3143000000.0,2021-05-18,C 制造业,
600793,宜宾纸业,17.0,3007000000.0,1997-02-20,,
003020,立方制药,16.99,3877000000.0000005,2020-12-15,C 制造业,
002951,金时科技,16.98,6844000000.0,2019-03-15,C 制造业,
301288,清研环境,16.97,1832999999.9999998,2022-04-22,C 制造业,
688377,迪威尔,16.97,3964000000.0,,,
688355,明志科技,16.97,2104000000.0,,,
688015,交控科技,16.96,3200000000.0,,,
300952,恒辉安防,16.95,4090000000.0,2021-03-11,C 制造业,
300455,航天智装,16.94,12159000000.0,2015-05-15,C 制造业,
001298,好上好,16.94,7327000000.0,2022-10-31,F 批发零售,
000869,张  裕Ａ,16.94,10897000000.0,2000-10-26,C 制造业,
603855,华荣股份,16.94,5717000000.0,2017-05-24,,
600585,海螺水泥,16.93,89341000000.0,2002-02-07,,
603949,雪龙集团,16.9,3561000000.0,2020-03-10,,
300908,仲景食品,16.89,3576000000.0,2020-11-23,C 制造业,
600172,黄河旋风,16.89,24358000000.0,1998-11-26,,
300515,三德科技,16.88,3472999999.9999995,2016-06-08,C 制造业,
300585,奥联电子,16.86,2885000000.0,2016-12-29,C 制造业,
300353,东土科技,16.86,10367000000.0,2012-09-27,C 制造业,
000969,安泰科技,16.86,17712000000.0,2000-05-29,C 制造业,
603050,科林电气,16.83,6788000000.0,2017-04-14,,
002915,中欣氟材,16.82,5639000000.0,2017-12-05,C 制造业,
002869,金溢科技,16.81,2974000000.0,2017-05-15,C 制造业,
603272,*ST联翔,16.81,1742000000.0000002,2022-05-20,,
603000,人民网,16.81,18587000000.0,2012-04-27,,
688132,邦彦技术,16.78,2554000000.0,,,
002942,新农股份,16.77,2607000000.0,2018-12-05,C 制造业,
002245,蔚蓝锂芯,16.76,28662000000.0,2008-06-05,C 制造业,
001278,一彬科技,16.76,2073999999.9999998,2023-03-08,C 制造业,
603819,神力股份,16.76,3649000000.0,2016-11-25,,
603985,恒润股份,16.75,7384000000.0,2017-05-05,,
603038,华立股份,16.75,4500000000.0,2017-01-16,,
001282,三联锻造,16.74,3719000000.0,2023-05-24,C 制造业,
688221,前沿生物-U,16.73,6267000000.0,,,
300828,锐新科技,16.68,2776000000.0,2020-04-21,C 制造业,
688517,金冠电气,16.68,2279000000.0,,,
600602,云赛智联,16.68,22813000000.0,1990-12-19,,
920099,瑞华技术,16.68,1569000000.0,2024-09-25,专业技术服务业,
605333,沪光股份,16.67,7736000000.0,2020-08-18,,
600071,凤凰光学,16.67,4694000000.0,1997-05-28,,
300119,瑞普生物,16.66,7743000000.000001,2010-09-17,C 制造业,
002180,奔图科技,16.66,23689000000.0,2007-11-13,C 制造业,
300546,雄帝科技,16.65,3124000000.0,2016-09-28,C 制造业,
688289,圣湘生物,16.65,9573000000.0,,,
301081,严牌股份,16.6,3890999999.9999995,2021-10-20,C 制造业,
002508,老板电器,16.58,15668000000.0,2010-11-23,C 制造业,
301103,何氏眼科,16.57,2618000000.0,2022-03-22,Q 卫生,
300102,乾照光电,16.57,15250000000.0,2010-08-12,C 制造业,
002326,永太科技,16.57,15329000000.0,2009-12-22,C 制造业,
301127,武汉天源,16.56,11163000000.0,2021-12-30,D 水电煤气,
300783,三只松鼠,16.56,6652000000.0,2019-07-12,F 批发零售,
301363,美好医疗,16.55,13172999999.999998,2022-10-12,C 制造业,
003027,同兴科技,16.54,2162000000.0,2020-12-18,N 公共环保,
603029,天鹅股份,16.54,2007000000.0,2016-04-27,,
301038,深水规院,16.52,3685000000.0,2021-08-04,M 科研服务,
300926,博俊科技,16.52,7175000000.0,2021-01-07,C 制造业,
300817,双飞集团,16.52,3606000000.0,2020-02-18,C 制造业,
605577,龙版传媒,16.52,7342000000.0,2021-08-24,,
920857,泓禧科技,16.52,1223000000.0,2022-02-28,计算机、通信和其他电子设备制造业,
605183,确成股份,16.51,6855000000.0,2020-12-07,,
688244,永信至诚,16.5,2491000000.0,,,
920003,中诚咨询,16.5,1495000000.0,2025-11-07,专业技术服务业,
600985,淮北矿业,16.49,44412000000.0,2004-04-28,,
600127,金健米业,16.49,10583000000.0,1998-05-06,,
920533,骏创科技,16.49,2156000000.0,2022-05-24,汽车制造业,
002919,名臣健康,16.48,4386000000.0,2017-12-18,I 信息技术,
002708,光洋股份,16.45,9247000000.0,2014-01-21,C 制造业,
920130,立方控股,16.44,1516000000.0,2023-11-02,软件和信息技术服务业,
002605,姚记科技,16.43,6864000000.0,2011-08-05,I 信息技术,
300482,万孚生物,16.41,7681999999.999999,2015-06-30,C 制造业,
001382,新亚电缆,16.41,6761000000.0,2025-03-21,C 制造业,
300818,耐普矿机,16.4,3597999999.9999995,2020-02-12,C 制造业,
688360,德马科技,16.4,4325000000.0,,,
605167,利柏特,16.4,8362000000.0,2021-07-26,,
920405,海希通讯,16.4,2238000000.0,2021-11-05,仪器仪表制造业,
300789,唐源电气,16.39,2358000000.0,2019-08-28,I 信息技术,
000777,中核科技,16.37,6277000000.0,1997-07-10,C 制造业,
300988,津荣天宇,16.36,3222000000.0,2021-05-12,C 制造业,
002811,郑中设计,16.36,5038000000.0,2016-09-08,M 科研服务,
000878,云南铜业,16.36,39676000000.0,1998-06-02,C 制造业,
600629,华建集团,16.35,18799000000.0,1993-02-09,,
920914,远航精密,16.35,1630000000.0,2022-11-11,计算机、通信和其他电子设备制造业,
300113,顺网科技,16.32,11002000000.0,2010-08-27,I 信息技术,
003013,地铁设计,16.3,7481000000.0,2020-10-22,M 科研服务,
601919,中远海控,16.3,248869999999.99997,2007-06-26,,
920694,中裕科技,16.3,2144000000.0000002,2023-04-24,橡胶和塑料制品业,
002553,南方精工,16.27,5750000000.0,2011-02-25,C 制造业,
603065,宿迁联盛,16.27,6817000000.0,2023-03-21,,
600674,川投能源,16.27,79310000000.0,1993-09-24,,
603190,亚通精工,16.25,2833000000.0,2023-02-17,,
601567,三星电气,16.25,22835000000.0,2011-06-15,,
600897,厦门空港,16.25,6775000000.0,1996-05-31,,
300435,中泰股份,16.24,6264000000.0,2015-03-26,D 水电煤气,
603456,九洲药业,16.24,14319000000.0,2014-10-10,,
002626,金达威,16.19,9875000000.0,2011-10-28,C 制造业,
002167,东方锆业,16.19,12542000000.0,2007-09-13,C 制造业,
603683,晶华新材,16.19,4717000000.0,2017-10-20,,
301602,超研股份,16.18,6930000000.0,2025-01-22,C 制造业,
002517,恺英网络,16.17,34546000000.0,2010-12-07,I 信息技术,
601112,振石股份,16.17,28142000000.0,2026-01-29,,
300651,金陵体育,16.16,2282000000.0,2017-05-09,C 制造业,
002805,丰元股份,16.16,4526000000.0,2016-07-07,C 制造业,
300967,晓鸣股份,16.15,3029000000.0,2021-04-13,A 农林牧渔,
300298,三诺生物,16.15,8993000000.0,2012-03-19,C 制造业,
600346,恒力石化,16.15,113681000000.0,2001-08-20,,
920876,慧为智能,16.15,1036999999.9999999,2022-11-09,计算机、通信和其他电子设备制造业,
300674,宇信科技,16.14,11363000000.0,2018-11-07,I 信息技术,
601677,明泰铝业,16.14,20067000000.0,2011-09-19,,
300921,南凌科技,16.12,4139000000.0,2020-12-22,I 信息技术,
002379,宏桥控股,16.11,209931000000.0,2010-03-31,C 制造业,
605005,合兴股份,16.11,6459999999.999999,2021-01-19,,
001386,马可波罗,16.1,19238000000.0,2025-10-22,C 制造业,
002130,沃尔核材,16.09,22524000000.0,2007-04-20,C 制造业,
603612,索通发展,16.09,8015000000.000001,2017-07-18,,
603365,水星家纺,16.08,4221000000.0,2017-11-20,,
688365,光云科技,16.07,6850000000.0,,,
600062,华润双鹤,16.05,16669000000.0,1997-05-22,,
920101,志高机械,16.05,2003000000.0,2025-08-14,专用设备制造业,
002095,生 意 宝,16.03,4051000000.0,2006-12-15,I 信息技术,
300929,华骐环保,16.02,2117000000.0000002,2021-01-20,N 公共环保,
601607,上海医药,16.02,59408000000.00001,1994-03-24,,
603103,横店影视,16.01,10154000000.0,2017-10-12,,
920075,柏星龙,16.01,1038000000.0000001,2022-12-14,印刷和记录媒介复制业,
000550,江铃汽车,15.99,13803000000.0,1993-12-01,C 制造业,
603890,春秋电子,15.99,8059000000.0,2017-12-12,,
300556,丝路视觉,15.98,1943000000.0,2016-11-04,I 信息技术,
301011,华立科技,15.96,2465000000.0,2021-06-17,C 制造业,
300401,花园生物,15.96,8695000000.0,2014-10-09,C 制造业,
000681,视觉中国,15.96,11181000000.0,1997-01-21,I 信息技术,
603096,新经典,15.96,2462000000.0,2017-04-25,,
688488,艾迪药业,15.95,6711000000.0,,,
002497,雅化集团,15.94,18372000000.0,2010-11-09,C 制造业,
300171,东富龙,15.93,12200000000.0,2011-02-01,C 制造业,
603232,格尔软件,15.93,3704000000.0,2017-04-21,,
000786,北新建材,15.91,27083000000.0,1997-06-06,C 制造业,
688573,信宇人,15.9,1554000000.0,,,
601089,福元医药,15.88,7622000000.0,2022-06-30,,
600521,华海药业,15.88,23776000000.0,2003-03-04,,
920284,灵鸽科技,15.88,1664000000.0,2023-12-19,专用设备制造业,
002633,申科股份,15.86,2379000000.0,2011-11-22,C 制造业,
301069,凯盛新材,15.85,7183000000.0,2021-09-27,C 制造业,
300861,美畅股份,15.85,10649000000.0,2020-08-24,C 制造业,
605006,山东玻纤,15.85,10360000000.0,2020-09-03,,
603919,金徽酒,15.85,8040000000.000001,2016-03-10,,
603178,圣龙股份,15.85,3747000000.0,2017-03-28,,
600371,万向德农,15.85,4637000000.0,2002-09-16,,
920225,利通科技,15.85,2012000000.0,2021-02-25,橡胶和塑料制品业,
002778,中晟高科,15.83,1975000000.0,2016-01-06,C 制造业,
002690,美亚光电,15.83,13966000000.0,2012-07-31,C 制造业,
688303,大全能源,15.83,33757000000.0,,,
603180,金牌家居,15.83,2442000000.0,2017-05-12,,
300535,达威股份,15.82,1693000000.0,2016-08-12,C 制造业,
002635,安洁科技,15.81,10430000000.0,2011-11-25,C 制造业,
301100,风光股份,15.77,3173000000.0,2021-12-17,C 制造业,
600148,长春一东,15.77,2232000000.0,1998-05-20,,
920346,威贸电子,15.77,1272000000.0,2022-02-23,计算机、通信和其他电子设备制造业,
001379,腾达科技,15.76,3152000000.0,2024-01-19,C 制造业,
300522,世名科技,15.75,5079000000.0,2016-07-05,C 制造业,
002362,汉王科技,15.75,3850000000.0,2010-03-03,C 制造业,
000923,河钢资源,15.75,10280000000.0,1999-07-14,B 采矿业,
688310,迈得医疗,15.75,2588000000.0,,,
920017,星昊医药,15.75,1951000000.0000002,2023-05-31,医药制造业,
301187,欧圣电气,15.72,4008000000.0,2022-04-22,C 制造业,
300034,钢研高纳,15.72,12528000000.0,2009-12-25,C 制造业,
600769,祥龙电业,15.72,5895000000.0,1996-11-01,,
301238,瑞泰新材,15.71,11521000000.0,2022-06-17,C 制造业,
300246,宝莱特,15.71,4159000000.0000005,2011-07-19,C 制造业,
002843,泰嘉股份,15.71,3954999999.9999995,2017-01-20,C 制造业,
920267,鑫汇科,15.71,746000000.0,2022-05-27,计算机、通信和其他电子设备制造业,
002299,圣农发展,15.7,19511000000.0,2009-10-21,C 制造业,
300382,斯莱克,15.69,10173000000.0,2014-01-29,C 制造业,
002544,普天科技,15.69,10678000000.0,2011-01-28,I 信息技术,
605266,健之佳,15.68,2423000000.0,2020-12-01,,
603611,诺力股份,15.67,4036999999.9999995,2015-01-28,,
301019,宁波色母,15.65,3098000000.0,2021-06-28,C 制造业,
001696,宗申动力,15.64,17908000000.0,1997-03-06,C 制造业,
920171,志晟信息,15.64,1568000000.0,2021-11-15,软件和信息技术服务业,
300947,德必集团,15.62,2361000000.0,2021-02-10,L 商务服务,
001222,源飞宠物,15.62,2982000000.0,2022-08-18,C 制造业,
603201,常润股份,15.62,2967000000.0,2022-07-29,,
688529,豪森智能,15.6,2624000000.0,,,
603829,洛凯股份,15.6,2906000000.0,2017-10-17,,
300873,海晨股份,15.59,5024000000.0,2020-08-24,G 运输仓储,
301487,盟固利,15.58,7161000000.0,2023-08-09,C 制造业,
000672,上峰材料,15.56,15084000000.0,1996-12-18,C 制造业,
002272,川润股份,15.55,7540000000.000001,2008-09-19,C 制造业,
920690,捷众科技,15.55,1340000000.0,2024-01-05,汽车制造业,
002236,大华股份,15.54,50804000000.0,2008-05-20,C 制造业,
600012,皖通高速,15.54,26552000000.0,2003-01-07,,
920634,新威凌,15.54,993000000.0,2022-11-24,金属制品业,
603215,比依股份,15.53,3333000000.0,2022-02-18,,
300821,东岳硅材,15.51,18612000000.0,2020-03-12,C 制造业,
688681,科汇股份,15.51,1623000000.0,,,
300578,会畅科技,15.5,3073000000.0,2017-01-25,I 信息技术,
600410,华胜天成,15.5,16996000000.0,2004-04-27,,
920068,天工股份,15.5,10162000000.0,2025-05-13,有色金属冶炼和压延加工业,
002009,天奇股份,15.49,6231000000.0,2004-06-29,C 制造业,
002791,坚朗五金,15.48,5478000000.0,2016-03-29,C 制造业,
002848,高斯贝尔,15.44,2581000000.0,2017-02-13,C 制造业,
300653,正海生物,15.42,2776000000.0,2017-05-16,C 制造业,
300997,欢乐家,15.4,6698999999.999999,2021-06-02,C 制造业,
300815,玉禾田,15.4,6138000000.0,2020-01-23,N 公共环保,
003002,壶化股份,15.4,3739000000.0,2020-09-22,C 制造业,
002884,凌霄泵业,15.4,5508000000.0,2017-07-11,C 制造业,
688501,青达环保,15.4,2678000000.0,,,
688653,康希通信,15.39,6533000000.0,,,
300854,中兰环保,15.37,2210000000.0,2021-09-16,N 公共环保,
300826,测绘股份,15.37,3508000000.0,2020-04-03,M 科研服务,
002862,实丰文化,15.35,2602000000.0,2017-04-11,C 制造业,
601699,潞安环能,15.35,45918000000.0,2006-09-22,,
601086,国芳集团,15.32,10203000000.0,2017-09-29,,
002890,弘宇股份,15.31,2601000000.0,2017-08-02,C 制造业,
920357,雅葆轩,15.31,1594000000.0,2022-11-18,计算机、通信和其他电子设备制造业,
600783,鲁信创投,15.3,11389000000.0,1996-12-25,,
920047,诺思兰德,15.3,4196000000.0,2020-11-24,医药制造业,
688277,天智航-U,15.29,7131999999.999999,,,
920139,华岭股份,15.29,4121000000.0,2022-10-28,计算机、通信和其他电子设备制造业,
301016,雷尔伟,15.27,4679000000.0,2021-06-30,C 制造业,
000815,美利云,15.27,10617000000.0,1998-06-09,C 制造业,
300170,汉得信息,15.26,15877000000.000002,2011-02-01,I 信息技术,
002932,*ST明德,15.26,3547999999.9999995,2018-07-10,C 制造业,
920019,铜冠矿建,15.26,3209000000.0000005,2024-10-11,开采专业及辅助性活动,
603155,新亚强,15.25,6983000000.0,2020-09-01,,
601026,道生天合,15.25,10056000000.0,2025-10-17,,
920679,前进科技,15.25,852000000.0,2023-11-10,通用设备制造业,
600272,开开实业,15.24,4003000000.0,2001-02-28,,
300989,蕾奥规划,15.23,3207000000.0,2021-05-07,M 科研服务,
300531,优博讯,15.23,4890000000.0,2016-08-09,C 制造业,
002806,华锋股份,15.21,3232000000.0,2016-07-26,C 制造业,
301539,宏鑫科技,15.2,2250000000.0,2024-04-15,C 制造业,
300538,同益股份,15.2,2765000000.0,2016-08-26,F 批发零售,
300065,海兰信,15.2,10967000000.0,2010-03-26,C 制造业,
688108,赛诺医疗,15.2,6353000000.0,,,
300876,蒙泰高新,15.19,2309000000.0,2020-08-24,C 制造业,
300594,ST朗进,15.19,1396000000.0,2019-06-21,C 制造业,
000766,通化金马,15.19,14681000000.0,1997-04-30,C 制造业,
002703,浙江世宝,15.18,12488000000.0,2012-11-02,C 制造业,
603368,柳药集团,15.17,6026000000.0,2014-12-04,,
300622,博士眼镜,15.16,4836000000.0,2017-03-15,F 批发零售,
920028,新恒泰,15.16,2492000000.0,2026-03-20,橡胶和塑料制品业,
300872,天阳科技,15.15,7395000000.0,2020-08-24,I 信息技术,
300667,必创科技,15.15,3100000000.0,2017-06-19,C 制造业,
002669,康达新材,15.15,4597000000.0,2012-04-16,C 制造业,
600761,安徽合力,15.15,13494000000.0,1996-10-09,,
920274,宏裕包材,15.15,1232000000.0,2023-08-18,橡胶和塑料制品业,
300017,网宿科技,15.14,37785000000.0,2009-10-30,I 信息技术,
002603,以岭药业,15.14,25294000000.0,2011-07-28,C 制造业,
688718,唯赛勃,15.13,2629000000.0,,,
920168,通宝光电,15.13,1137000000.0,2026-02-26,汽车制造业,
600722,金牛化工,15.12,10286000000.0,1996-06-26,,
603237,五芳斋,15.1,2960000000.0,2022-08-31,,
920753,天纺标,15.09,1228000000.0,2022-10-31,专业技术服务业,
001202,炬申股份,15.08,2514000000.0,2021-04-29,G 运输仓储,
920906,舜宇精工,15.08,980000000.0000001,2023-02-22,汽车制造业,
300768,迪普科技,15.06,9696000000.0,2019-04-12,I 信息技术,
601702,华峰铝业,15.05,15028000000.0,2020-09-07,,
920726,朱老六,15.05,1525000000.0,2021-05-27,食品制造业,
300941,创识科技,15.03,3077000000.0,2021-02-09,I 信息技术,
603161,科华控股,15.03,3369000000.0,2018-01-05,,
300746,汉嘉数智,15.0,3386000000.0,2018-05-25,M 科研服务,
002601,龙佰集团,15.0,35764000000.0,2011-07-15,C 制造业,
600539,狮头股份,15.0,3450000000.0,2001-08-24,,
920751,惠同新材,15.0,1302000000.0,2023-07-17,金属制品业,
002830,名雕股份,14.98,2785000000.0,2016-12-13,E 建筑业,
603903,中持股份,14.97,3822000000.0,2017-03-14,,
603687,大胜达,14.97,8234000000.0,2019-07-26,,
300529,健帆生物,14.96,11947000000.0,2016-08-02,C 制造业,
002782,可立克,14.96,7406000000.0,2015-12-22,C 制造业,
002015,协鑫能科,14.96,24285000000.0,2004-07-08,D 水电煤气,
300549,优德精密,14.95,1993000000.0,2016-09-30,C 制造业,
001289,龙源电力,14.95,124979000000.0,2022-01-24,D 水电煤气,
603122,合富中国,14.93,5943000000.0,2022-02-16,,
920527,夜光明,14.93,896000000.0000001,2022-10-27,化学原料和化学制品制造业,
000025,特  力Ａ,14.92,6431000000.0,1993-06-21,F 批发零售,
301267,华厦眼科,14.91,12524000000.0,2022-11-07,Q 卫生,
002780,三夫户外,14.91,2466000000.0,2015-12-09,F 批发零售,
688697,纽威数控,14.91,9546000000.0,,,
603505,金石资源,14.91,12549000000.0,2017-05-03,,
920087,秋乐种业,14.91,2463000000.0,2022-12-07,农、林、牧、渔专业及辅助性活动,
002657,中科金财,14.89,5052000000.0,2012-02-28,I 信息技术,
002468,申通快递,14.87,22763000000.0,2010-09-08,G 运输仓储,
920374,云里物里,14.87,1273000000.0,2022-11-29,计算机、通信和其他电子设备制造业,
600886,国投电力,14.86,118947000000.0,1996-01-18,,
301408,华人健康,14.85,5940000000.0,2023-03-01,F 批发零售,
300250,初灵信息,14.85,3174000000.0,2011-08-03,I 信息技术,
003005,竞业达,14.85,3436000000.0,2020-09-22,I 信息技术,
605378,野马电池,14.85,3881000000.0,2021-04-12,,
603381,永臻股份,14.84,3521000000.0,2024-06-26,,
600768,富邦新材,14.84,1985000000.0000002,1996-11-11,,
600592,龙溪股份,14.84,5929000000.0,2002-08-05,,
300786,国林科技,14.83,2729000000.0,2019-07-23,C 制造业,
300697,电工合金,14.82,6412000000.0,2017-09-07,C 制造业,
300673,佩蒂股份,14.82,3665000000.0,2017-07-11,C 制造业,
603686,福龙马,14.82,6157000000.0,2015-01-26,,
688165,埃夫特-U,14.81,7728000000.0,,,
605365,立达信,14.81,7434999999.999999,2021-07-20,,
603273,天元智能,14.81,3191000000.0,2023-10-23,,
002232,启明信息,14.8,6047000000.0,2008-05-09,I 信息技术,
000066,中国长城,14.8,47742000000.0,1997-06-26,C 制造业,
300402,宝色股份,14.79,3650000000.0,2014-10-10,C 制造业,
002545,东方铁塔,14.79,18400000000.0,2011-02-11,C 制造业,
000519,中兵红箭,14.79,20596000000.0,1993-10-08,C 制造业,
300858,科拓生物,14.78,3894000000.0,2020-07-27,C 制造业,
300686,智动力,14.77,3849000000.0,2017-08-04,C 制造业,
600513,联环药业,14.77,4215999999.9999995,2003-03-19,,
300479,神思电子,14.76,2908000000.0,2015-06-12,I 信息技术,
920020,泰凯英,14.76,3320000000.0000005,2025-10-28,橡胶和塑料制品业,
600737,中粮糖业,14.75,31548000000.0,1996-07-31,,
002268,电科网安,14.74,12465000000.0,2008-08-11,I 信息技术,
688570,天玛智控,14.74,6382000000.0,,,
603767,中马传动,14.74,4549000000.0,2017-06-13,,
603310,巍华新材,14.74,5090000000.0,2024-08-14,,
600501,航天晨光,14.74,6306000000.0,2001-06-15,,
600475,华光环能,14.74,14016999999.999998,2003-07-21,,
300773,拉卡拉,14.73,16016000000.0,2019-04-25,I 信息技术,
300561,汇金科技,14.73,4833000000.0,2016-11-17,I 信息技术,
002861,瀛通通讯,14.73,2744000000.0,2017-04-13,C 制造业,
688225,亚信安全,14.73,5892000000.0,,,
688176,亚虹医药-U,14.73,8428000000.0,,,
605208,永茂泰,14.73,4860000000.0,2021-03-08,,
603138,海量数据,14.73,4325000000.0,2017-03-06,,
002664,信质集团,14.72,6009000000.0,2012-03-16,C 制造业,
301198,喜悦智行,14.71,2486000000.0,2021-12-02,C 制造业,
301125,腾亚精工,14.71,3053000000.0,2022-06-08,C 制造业,
600262,北方股份,14.71,3501000000.0,2000-06-30,,
920218,新天力,14.71,1378000000.0,2026-05-29,橡胶和塑料制品业,
300823,建科智能,14.7,1925000000.0,2020-03-19,C 制造业,
605008,长鸿高科,14.7,9496000000.0,2020-08-21,,
603209,兴通股份,14.7,4777000000.0,2022-03-24,,
600741,华域汽车,14.7,46345000000.0,1996-08-26,,
605007,五洲特纸,14.68,6984000000.0,2020-11-10,,
002077,大港股份,14.67,8514000000.0,2006-11-16,C 制造业,
605155,西大门,14.67,2795000000.0,2020-12-31,,
001201,东瑞股份,14.66,3779000000.0,2021-04-28,A 农林牧渔,
920018,宏远股份,14.65,2425000000.0,2025-08-20,电气机械和器材制造业,
002800,天顺股份,14.64,2229000000.0,2016-05-30,G 运输仓储,
301120,新特电气,14.63,5459000000.0,2022-04-19,C 制造业,
920924,广脉科技,14.63,1570000000.0,2021-11-03,软件和信息技术服务业,
600379,宝光股份,14.62,4828000000.0,2002-01-16,,
001205,盛航股份,14.61,2747000000.0,2021-05-13,G 运输仓储,
920656,海昇药业,14.61,1461000000.0,2024-02-02,医药制造业,
301083,百胜智能,14.6,2597000000.0,2021-10-21,C 制造业,
603515,欧普照明,14.6,10837000000.0,2016-08-19,,
688722,同益中,14.58,3267000000.0,,,
300519,新光药业,14.56,2330000000.0,2016-06-24,C 制造业,
000547,航天发展,14.56,23274000000.0,1993-11-30,C 制造业,
603766,隆鑫通用,14.55,29879000000.000004,2012-08-10,,
600363,联创光电,14.55,6559999999.999999,2001-03-29,,
920523,德瑞锂电,14.55,1474000000.0,2021-06-03,电气机械和器材制造业,
688101,三达膜,14.54,4827000000.0,,,
920112,巴兰仕,14.54,1727000000.0,2025-08-28,专用设备制造业,
300715,凯伦股份,14.52,5489000000.0,2017-10-26,C 制造业,
603858,步长制药,14.52,15312000000.0,2016-11-18,,
920247,华密新材,14.52,2745000000.0,2022-12-23,橡胶和塑料制品业,
300743,天地数码,14.51,2194000000.0,2018-04-27,C 制造业,
300498,温氏股份,14.51,96549000000.0,2015-11-02,A 农林牧渔,
300203,聚光科技,14.51,6511000000.0,2011-04-15,C 制造业,
300131,英唐智控,14.51,16469000000.0,2010-10-19,F 批发零售,
300101,振芯科技,14.51,8240000000.000001,2010-08-06,I 信息技术,
002250,联化科技,14.51,13057000000.0,2008-06-19,C 制造业,
605218,伟时电子,14.51,3522999999.9999995,2020-09-28,,
603896,寿仙谷,14.51,2877000000.0,2017-05-10,,
003040,楚天龙,14.5,6686000000.0,2021-03-22,C 制造业,
920508,殷图网联,14.5,869999999.9999999,2020-07-27,软件和信息技术服务业,
002576,通达动力,14.49,2392000000.0,2011-04-28,C 制造业,
002945,华林证券,14.48,39096000000.0,2019-01-17,J 金融业,
603348,文灿股份,14.48,4554000000.0,2018-04-26,,
688619,罗普特,14.47,2683000000.0,,,
300838,浙江力诺,14.46,1995000000.0,2020-06-08,C 制造业,
301303,真兰仪表,14.45,5907000000.0,2023-02-20,C 制造业,
300294,博雅生物,14.45,7286000000.0,2012-03-08,C 制造业,
300283,温州宏丰,14.45,7181000000.0,2012-01-10,C 制造业,
300404,博济医药,14.44,5570000000.0,2015-04-24,M 科研服务,
002611,东方精工,14.44,17578000000.0,2011-08-30,C 制造业,
603677,奇精机械,14.44,2781000000.0,2017-02-06,,
002907,华森制药,14.43,6026000000.0,2017-10-20,C 制造业,
688562,航天软件,14.43,5772000000.0,,,
603095,越剑智能,14.43,3727000000.0000005,2020-04-15,,
300847,中船汉光,14.4,4263000000.0000005,2020-07-09,C 制造业,
300293,蓝英装备,14.4,4874000000.0,2012-03-08,C 制造业,
600444,国机通用,14.4,2107999999.9999998,2004-02-19,,
688728,格科微,14.39,37422000000.0,,,
300012,华测检测,14.38,24199000000.0,2009-10-30,M 科研服务,
920943,优机股份,14.36,1458000000.0,2022-06-24,通用设备制造业,
002439,启明星辰,14.35,17384000000.0,2010-06-23,I 信息技术,
688186,广大特材,14.35,4025000000.0,,,
920252,天宏锂电,14.35,1473000000.0,2023-01-19,电气机械和器材制造业,
300982,苏文电能,14.34,2968000000.0,2021-04-27,E 建筑业,
600694,大商股份,14.34,5432000000.0,1993-11-22,,
600246,万通发展,14.34,28050000000.0,2000-09-22,,
600230,沧州大化,14.34,5936000000.0,2000-04-06,,
002946,新乳业,14.33,12334000000.0,2019-01-25,C 制造业,
300987,川网传媒,14.32,2483000000.0,2021-05-11,I 信息技术,
603777,来伊份,14.31,4786000000.0,2016-10-12,,
600879,航天电子,14.31,47213000000.0,1995-11-15,,
002866,传艺科技,14.3,4140000000.0,2017-04-26,C 制造业,
603917,合力科技,14.3,2915000000.0,2017-12-04,,
920262,太湖雪,14.3,1186000000.0,2022-12-30,纺织业,
003042,中农联合,14.29,2036000000.0,2021-04-06,C 制造业,
920016,中草香料,14.29,1100000000.0,2024-09-13,化学原料和化学制品制造业,
002639,雪人集团,14.28,11130000000.0,2011-12-05,C 制造业,
605180,华生科技,14.28,2413000000.0,2021-04-30,,
603367,辰欣药业,14.28,6465000000.000001,2017-09-29,,
301158,德石股份,14.27,2783000000.0,2022-01-17,C 制造业,
920000,安徽凤凰,14.27,1308000000.0,2020-12-23,汽车制造业,
603328,依顿电子,14.26,14238000000.0,2014-07-01,,
300221,银禧科技,14.25,6751000000.000001,2011-05-25,C 制造业,
605189,富春染织,14.24,3392000000.0,2021-05-28,,
603013,亚普股份,14.24,7237000000.0,2018-05-09,,
600601,方正科技,14.24,60858000000.00001,1990-12-19,,
002602,世纪华通,14.23,104884999999.99998,2011-07-28,I 信息技术,
002258,利尔化学,14.23,11390000000.0,2008-07-08,C 制造业,
300416,苏试试验,14.22,7231999999.999999,2015-01-22,M 科研服务,
301656,联合动力,14.2,34673000000.0,2025-09-25,C 制造业,
300845,捷安高科,14.2,2920000000.0,2020-07-03,I 信息技术,
002017,东信和平,14.2,8242000000.0,2004-07-13,C 制造业,
601136,首创证券,14.19,38786000000.0,2022-12-22,,
601033,永兴股份,14.19,12771000000.0,2024-01-18,,
300019,硅宝科技,14.18,5574000000.0,2009-10-30,C 制造业,
002732,燕塘乳业,14.17,2230000000.0,2014-12-05,C 制造业,
000032,深桑达Ａ,14.17,17219000000.0,1993-10-28,E 建筑业,
603630,拉芳家化,14.16,3189000000.0,2017-03-13,,
002034,旺能环境,14.15,7311000000.0,2004-08-26,D 水电煤气,
688236,春立医疗,14.12,5416000000.0,,,
603997,继峰股份,14.12,17964000000.0,2015-03-02,,
002112,三变科技,14.1,4147000000.0,2007-02-08,C 制造业,
301439,泓淋电力,14.08,5479000000.0,2023-03-17,C 制造业,
002011,盾安环境,14.08,15129000000.0,2004-07-05,C 制造业,
603637,镇海股份,14.08,3361000000.0,2017-02-08,,
600131,国网信通,14.08,16854000000.0,1998-04-02,,
920056,能之光,14.08,1150000000.0,2025-08-22,橡胶和塑料制品业,
300550,和仁科技,14.06,3692000000.0,2016-10-18,I 信息技术,
300447,全信股份,14.06,4391000000.0,2015-04-22,C 制造业,
000901,航天科技,14.06,11223000000.0,1999-04-01,C 制造业,
920425,乐创技术,14.06,1416000000.0,2023-01-30,软件和信息技术服务业,
002789,*ST建艺,14.05,2243000000.0,2016-03-11,E 建筑业,
002395,双象股份,14.05,3768000000.0,2010-04-29,C 制造业,
688466,金科环境,14.05,1716000000.0,,,
301320,豪江智能,14.04,2555000000.0,2023-06-09,C 制造业,
300481,濮阳惠成,14.04,4097999999.9999995,2015-06-30,C 制造业,
688772,珠海冠宇,14.03,15969999999.999998,,,
603696,安记食品,14.03,3300000000.0,2015-12-09,,
002845,同兴达,14.02,4592000000.0,2017-01-25,C 制造业,
002174,游族网络,14.01,13727000000.000002,2007-09-25,I 信息技术,
605056,咸亨国际,14.01,5736000000.0,2021-07-20,,
601898,中煤能源,14.01,185754000000.0,2008-02-01,,
603239,浙江仙通,14.0,3790000000.0,2016-12-30,,
603131,上海沪工,13.99,4713000000.0,2016-06-07,,
002729,好利科技,13.97,2556000000.0,2014-09-12,C 制造业,
000737,北方铜业,13.96,26589999999.999996,1997-04-28,C 制造业,
601038,一拖股份,13.96,15686000000.000002,2012-08-08,,
002631,德尔未来,13.93,11106000000.0,2011-11-11,C 制造业,
300645,正元智慧,13.92,1978000000.0,2017-04-21,I 信息技术,
300533,冰川网络,13.92,4569000000.0,2016-08-18,I 信息技术,
000756,新华制药,13.92,9698000000.0,1997-08-06,C 制造业,
603258,电魂网络,13.92,3379000000.0,2016-10-26,,
603185,弘元绿能,13.92,9508000000.0,2018-12-28,,
301006,迈拓股份,13.91,1937000000.0,2021-06-07,C 制造业,
300831,ST派瑞,13.91,4451000000.0,2020-05-07,C 制造业,
300154,瑞凌股份,13.91,6253000000.0,2010-12-29,C 制造业,
601633,长城汽车,13.91,119327000000.0,2011-09-28,,
688750,金天钛业,13.9,6429000000.000001,,,
603806,福斯特,13.9,36262000000.0,2014-09-05,,
920579,机科股份,13.9,1800000000.0,2023-11-30,通用设备制造业,
002759,ST天际,13.89,6964000000.0,2015-05-28,C 制造业,
603477,巨星农牧,13.89,7264000000.0,2017-12-18,,
300351,永贵电器,13.88,5398000000.0,2012-09-20,C 制造业,
301028,鼎熔岩,13.86,5354000000.0,2021-07-20,C 制造业,
300615,欣天科技,13.86,2675000000.0,2017-02-15,C 制造业,
600850,电科数字,13.86,11313000000.0,1994-03-24,,
300925,法本信息,13.84,5933000000.0,2020-12-30,I 信息技术,
300534,陇神戎发,13.84,4197999999.9999995,2016-09-13,C 制造业,
301535,浙江华远,13.83,5882000000.0,2025-03-27,C 制造业,
603578,三星新材,13.83,3236999999.9999995,2017-03-06,,
603206,嘉环科技,13.83,4221000000.0,2022-05-06,,
002393,力生制药,13.82,4261000000.0,2010-04-23,C 制造业,
603798,康普顿,13.82,3544000000.0,2016-04-06,,
300377,赢时胜,13.78,10349000000.0,2014-01-27,I 信息技术,
601788,光大证券,13.77,63491000000.0,2009-08-18,,
002438,江苏神通,13.76,6984000000.0,2010-06-23,C 制造业,
920564,天润科技,13.76,1471000000.0,2022-06-17,软件和信息技术服务业,
603788,宁波高发,13.74,3065000000.0,2015-01-20,,
300893,松原安全,13.73,6506999999.999999,2020-09-24,C 制造业,
000504,南华生物,13.73,4531000000.0,1992-12-08,M 科研服务,
600621,华鑫股份,13.73,14566000000.0,1992-12-02,,
920242,建邦科技,13.73,1294000000.0,2020-07-27,商务服务业,
601177,杭齿前进,13.72,5594000000.0,2010-10-11,,
002350,北京科锐,13.71,7434999999.999999,2010-02-03,C 制造业,
000902,新洋丰,13.71,17202000000.0,1999-04-08,C 制造业,
603610,麒盛科技,13.71,4840000000.0,2019-10-29,,
300703,创源股份,13.7,2471000000.0,2017-09-19,C 制造业,
300599,雄塑科技,13.69,4903000000.0,2017-01-23,C 制造业,
920299,灿能电力,13.69,1234000000.0,2022-06-10,仪器仪表制造业,
603036,如通股份,13.68,2818000000.0,2016-12-09,,
600756,浪潮软件,13.68,4783000000.0,1996-09-23,,
600535,天士力,13.68,20437000000.0,2002-08-23,,
600933,爱柯迪,13.67,14080000000.000002,2017-11-17,,
300940,南极光,13.66,3041000000.0,2021-02-03,C 制造业,
603586,金麒麟,13.65,2676000000.0,2017-04-06,,
600771,广誉远,13.65,6681999999.999999,1996-11-05,,
001208,华菱线缆,13.62,8694000000.0,2021-06-24,C 制造业,
603213,镇洋发展,13.62,6059000000.0,2021-11-11,,
920608,丰安股份,13.61,847000000.0000001,2022-12-16,通用设备制造业,
300589,江龙船艇,13.6,5136000000.0,2017-01-13,C 制造业,
301088,戎美股份,13.59,3097000000.0,2021-10-28,F 批发零售,
300528,幸福蓝海,13.59,5064000000.0,2016-08-08,R 文化传播,
300142,沃森生物,13.58,21719000000.0,2010-11-12,C 制造业,
603927,中科软,13.57,11277000000.0,2019-09-09,,
002961,瑞达期货,13.56,9571000000.0,2019-09-05,J 金融业,
002006,精工科技,13.56,7047000000.0,2004-06-25,C 制造业,
601058,赛轮轮胎,13.56,44587000000.0,2011-06-30,,
300713,英可瑞,13.55,2152000000.0,2017-11-01,C 制造业,
002771,真视通,13.55,2842000000.0,2015-06-29,I 信息技术,
603937,丽岛新材,13.55,2830000000.0,2017-11-02,,
002078,太阳纸业,13.54,38646000000.0,2006-11-16,C 制造业,
300583,赛托生物,13.52,2565000000.0,2017-01-06,C 制造业,
300424,航新科技,13.52,3470000000.0000005,2015-04-22,C 制造业,
603182,嘉华股份,13.52,2225000000.0,2022-09-09,,
603214,爱婴室,13.5,1870000000.0,2018-03-30,,
300797,钢研纳克,13.49,5160000000.0,2019-11-01,M 科研服务,
605599,菜百股份,13.49,10492000000.0,2021-09-09,,
002365,永安药业,13.48,3972000000.0,2010-03-05,C 制造业,
603439,三力制药,13.48,5444000000.0,2020-04-28,,
920392,佳合科技,13.48,1033000000.0,2022-12-30,造纸和纸制品业,
600753,ST海钦,13.47,3102000000.0,1996-09-27,,
002159,三特索道,13.46,2386000000.0,2007-08-17,N 公共环保,
688173,希荻微,13.46,5590000000.0,,,
301339,通行宝,13.45,7804000000.000001,2022-09-09,I 信息技术,
002169,智光电气,13.44,10520000000.0,2007-09-19,C 制造业,
603165,荣晟环保,13.44,4203000000.0,2017-01-17,,
920167,同享科技,13.44,1479000000.0,2020-07-27,电气机械和器材制造业,
603162,海通发展,13.43,18468000000.0,2023-03-29,,
603069,海汽集团,13.43,4244000000.0,2016-07-12,,
301056,森赫股份,13.42,3579999999.9999995,2021-09-07,C 制造业,
300641,正丹股份,13.42,7053000000.0,2017-04-18,C 制造业,
002962,五方光电,13.42,3914000000.0,2019-09-17,C 制造业,
000586,汇源通信,13.41,2594000000.0,1995-12-20,C 制造业,
603210,泰鸿万立,13.4,4561000000.0,2025-04-09,,
603093,南华期货,13.4,13911000000.000002,2019-08-30,,
601717,中创智领,13.4,23924000000.0,2010-08-03,,
920245,威博液压,13.4,926000000.0,2022-01-06,通用设备制造业,
300733,西菱动力,13.39,5311000000.0,2018-01-16,C 制造业,
600889,*ST京化,13.39,7854000000.000001,1996-03-08,,
301167,建研设计,13.37,1497000000.0,2021-12-06,M 科研服务,
688299,长阳科技,13.37,3842000000.0,,,
300385,ST雪浪,13.36,4451000000.0,2014-06-26,C 制造业,
000301,东方盛虹,13.36,88326000000.0,2000-05-29,C 制造业,
603568,伟明环保,13.36,27367000000.0,2015-05-28,,
600546,山煤国际,13.36,26486000000.0,2003-07-31,,
300655,晶瑞电材,13.34,15029000000.0,2017-05-23,C 制造业,
002209,达 意 隆,13.34,2728000000.0,2008-01-30,C 制造业,
600129,太极集团,13.33,7350000000.0,1997-11-18,,
603848,好太太,13.32,5360000000.0,2017-12-01,,
300249,依米康,13.31,6102000000.0,2011-08-03,I 信息技术,
000020,深华发Ａ,13.31,3769000000.0,1992-04-28,C 制造业,
603558,健盛集团,13.31,4561000000.0,2015-01-27,,
301136,招标股份,13.3,3660000000.0,2022-01-11,M 科研服务,
300882,万胜智能,13.29,3804000000.0,2020-09-10,C 制造业,
300201,海伦哲,13.29,13410000000.0,2011-04-07,C 制造业,
002972,科安达,13.29,3269000000.0,2019-12-27,C 制造业,
000722,湖南发展,13.29,8503000000.0,1997-05-22,D 水电煤气,
603915,国茂股份,13.29,8876000000.0,2019-06-14,,
002722,物产金轮,13.28,2953000000.0,2014-01-28,C 制造业,
603153,上海建科,13.28,5443000000.0,2023-03-13,,
603025,大豪科技,13.27,14818000000.0,2015-04-22,,
920261,一诺威,13.27,3863000000.0000005,2023-04-03,化学原料和化学制品制造业,
301017,漱玉平民,13.25,5374000000.0,2021-07-05,F 批发零售,
603838,*ST四通,13.24,4236999999.9999995,2015-07-01,,
603191,望变电气,13.24,4627000000.0,2022-04-28,,
300233,金城医药,13.23,5079000000.0,2011-06-22,C 制造业,
300024,机器人,13.22,20697000000.0,2009-10-30,C 制造业,
603399,永杉锂业,13.22,6772000000.0,2012-08-24,,
301059,金三江,13.21,3054000000.0,2021-09-13,C 制造业,
002654,万润科技,13.21,11166000000.0,2012-02-17,L 商务服务,
600765,中航重机,13.2,20493000000.0,1996-11-06,,
600749,西藏旅游,13.19,2994000000.0,1996-10-15,,
603499,翔港科技,13.18,5583000000.0,2017-10-16,,
600619,海立股份,13.18,14147000000.0,1992-11-16,,
688658,悦康药业,13.17,5927000000.0,,,
301507,民生健康,13.16,4692000000.0,2023-09-05,C 制造业,
300962,中金辐照,13.16,3474000000.0,2021-04-09,C 制造业,
300058,蓝色光标,13.15,47211000000.0,2010-02-26,L 商务服务,
688085,三友医疗,13.15,4824000000.0,,,
920077,吉林碳谷,13.15,7709000000.0,2021-08-31,化学纤维制造业,
300493,润欣科技,13.14,6734999999.999999,2015-12-10,F 批发零售,
605339,南侨食品,13.14,5575000000.0,2021-05-18,,
603121,华培动力,13.14,4448000000.0,2019-01-11,,
600977,中国电影,13.13,24514000000.0,2016-08-09,,
920627,力王股份,13.13,1240000000.0,2023-09-07,电气机械和器材制造业,
301037,保立佳,13.12,1823999999.9999998,2021-07-30,C 制造业,
300752,隆利科技,13.12,4236000000.0,2018-11-30,C 制造业,
300452,山河药辅,13.12,3076000000.0,2015-05-15,C 制造业,
001376,百通能源,13.12,6409999999.999999,2023-11-03,D 水电煤气,
920033,康普化学,13.12,1563000000.0,2022-12-21,化学原料和化学制品制造业,
002715,登云股份,13.11,1809000000.0,2014-02-19,C 制造业,
002493,荣盛石化,13.11,130961999999.99998,2010-11-02,C 制造业,
002007,华兰生物,13.11,23935000000.0,2004-06-25,C 制造业,
000948,南天信息,13.11,5111000000.0,1999-10-14,I 信息技术,
603079,圣达生物,13.11,2478000000.0,2017-08-23,,
300795,米奥会展,13.1,3915999999.9999995,2019-10-22,L 商务服务,
300675,建科院,13.1,1921000000.0,2017-07-19,M 科研服务,
601886,江河集团,13.1,14841999999.999998,2011-08-18,,
920351,华光源海,13.1,1153000000.0,2022-12-29,多式联运和运输代理业,
300839,博汇股份,13.08,3769000000.0,2020-06-30,C 制造业,
300389,艾比森,13.08,4828000000.0,2014-08-01,C 制造业,
002949,华阳国际,13.08,2565000000.0,2019-02-26,M 科研服务,
002835,同为股份,13.08,2871000000.0,2016-12-28,C 制造业,
600021,上海电力,13.08,36910000000.0,2003-10-29,,
300109,新开源,13.07,7540000000.000001,2010-08-25,C 制造业,
600143,金发科技,13.07,34940000000.0,2004-06-23,,
301632,广东建科,13.06,5466000000.0,2025-08-12,M 科研服务,
300432,富临精工,13.06,22329000000.0,2015-03-19,C 制造业,
002643,万润股份,13.06,11962000000.0,2011-12-20,C 制造业,
002164,宁波东力,13.06,6950000000.0,2007-08-23,C 制造业,
601101,昊华能源,13.06,18806000000.0,2010-03-31,,
002549,凯美特气,13.05,9074000000.0,2011-02-18,N 公共环保,
001366,播恩集团,13.05,2097000000.0,2023-03-07,C 制造业,
920641,格利尔,13.05,980000000.0000001,2022-12-02,计算机、通信和其他电子设备制造业,
601965,中国汽研,13.04,13075000000.0,2012-06-11,,
600186,莲花控股,13.04,23378000000.0,1998-08-25,,
600847,万里股份,13.03,1997000000.0,1994-03-24,,
300122,智飞生物,13.01,31143000000.0,2010-09-28,C 制造业,
920223,荣亿精密,13.0,2045000000.0,2022-06-09,通用设备制造业,
300328,宜安科技,12.99,8969000000.0,2012-06-19,C 制造业,
605169,洪通燃气,12.99,3675000000.0,2020-10-30,,
301117,ST佳缘,12.98,2347000000.0,2022-01-17,I 信息技术,
002368,太极股份,12.98,8090000000.000001,2010-03-12,I 信息技术,
920992,中科美菱,12.98,1256000000.0,2022-10-18,专用设备制造业,
920855,浙江大农,12.98,969999999.9999999,2022-12-29,通用设备制造业,
002875,安奈儿,12.97,2755000000.0,2017-06-01,C 制造业,
600967,内蒙一机,12.97,22072000000.0,2004-05-18,,
300341,麦克奥迪,12.96,6706000000.0,2012-07-26,C 制造业,
300181,佐力药业,12.95,9083000000.0,2011-02-22,C 制造业,
603883,老百姓,12.95,9828000000.0,2015-04-23,,
600587,新华医疗,12.95,7856000000.0,2002-09-27,,
688349,三一重能,12.94,20618000000.0,,,
002984,森麒麟,12.93,13399000000.0,2020-09-11,C 制造业,
002443,金洲管道,12.93,6731000000.0,2010-07-06,C 制造业,
920950,迅安科技,12.93,948000000.0,2023-01-11,专用设备制造业,
920204,沪江材料,12.93,1219000000.0,2022-01-18,橡胶和塑料制品业,
300277,汽轮科技,12.92,19594000000.0,2011-11-23,I 信息技术,
002823,凯中精密,12.92,4231000000.0,2016-11-24,C 制造业,
000708,中信特钢,12.92,65209000000.0,1997-03-26,C 制造业,
600721,百花医药,12.92,4968000000.0,1996-06-26,,
300265,通光线缆,12.91,6037000000.0,2011-09-16,C 制造业,
002855,捷荣技术,12.91,3181000000.0,2017-03-21,C 制造业,
600776,东方通信,12.91,16215000000.0,1996-11-26,,
600088,中视传媒,12.91,5134000000.0,1997-06-16,,
000099,中信海直,12.89,10000000000.0,2000-07-31,G 运输仓储,
300601,康泰生物,12.88,14386000000.000002,2017-02-07,C 制造业,
603043,广州酒家,12.88,7284999999.999999,2017-06-27,,
603020,爱普股份,12.88,4838000000.0,2015-03-25,,
300229,拓尔思,12.87,11244000000.0,2011-06-15,I 信息技术,
000532,华金资本,12.87,4436000000.0,1994-01-03,S 综合,
300484,蓝海华腾,12.85,2662000000.0,2016-03-22,C 制造业,
300314,戴维医疗,12.85,3701000000.0,2012-05-08,C 制造业,
603739,蔚蓝生物,12.85,3251000000.0,2019-01-16,,
600855,航天长峰,12.85,6021000000.0,1994-04-25,,
002237,恒邦股份,12.84,18361000000.0,2008-05-20,C 制造业,
301298,东利机械,12.82,1882000000.0,2022-06-06,C 制造业,
603709,中源家居,12.81,2091000000.0,2018-02-08,,
002986,宇新股份,12.8,4866000000.0,2020-06-02,C 制造业,
688560,明冠新材,12.8,2577000000.0,,,
600295,鄂尔多斯,12.8,35824000000.0,2001-04-26,,
002440,闰土股份,12.79,14376000000.0,2010-07-06,C 制造业,
603238,诺邦股份,12.79,2270000000.0,2017-02-22,,
002205,国统股份,12.78,2375000000.0,2008-01-23,C 制造业,
603511,爱慕股份,12.77,5183000000.0,2021-05-31,,
600377,宁沪高速,12.77,64332000000.00001,2001-01-16,,
603219,富佳股份,12.75,7158000000.0,2021-11-22,,
601083,锦江航运,12.75,16500000000.0,2023-12-05,,
600396,华电辽能,12.75,18777000000.0,2001-03-28,,
605018,长华集团,12.74,5989000000.0,2020-09-29,,
300559,佳发教育,12.72,5082000000.0,2016-11-01,I 信息技术,
001219,青岛食品,12.72,2480000000.0,2021-10-21,C 制造业,
000920,沃顿科技,12.71,6007000000.0,1999-06-16,C 制造业,
000695,滨海能源,12.71,2946000000.0,1997-02-18,C 制造业,
605188,国光连锁,12.71,6466000000.0,2020-07-28,,
600861,北京人力,12.71,7195000000.0,1994-05-20,,
600449,宁夏建材,12.71,6078000000.0,2003-08-29,,
920079,乔路铭,12.71,5291000000.0,2026-07-22,汽车制造业,
301109,军信股份,12.7,10022000000.0,2022-04-13,N 公共环保,
300650,太龙股份,12.68,3061000000.0,2017-05-03,F 批发零售,
002675,东诚药业,12.68,10456000000.0,2012-05-25,C 制造业,
920195,三祥科技,12.68,1243000000.0,2022-12-30,橡胶和塑料制品业,
301559,中集环科,12.67,7602000000.0,2023-10-11,C 制造业,
300446,航天智造,12.67,10711000000.0,2015-04-23,C 制造业,
301066,万事利,12.66,2974000000.0,2021-09-22,C 制造业,
603317,天味食品,12.66,13446000000.0,2019-04-16,,
603010,万盛股份,12.63,7389000000.0,2014-10-10,,
003039,顺控发展,12.62,7793000000.000001,2021-03-08,D 水电煤气,
605299,舒华体育,12.62,5145000000.0,2020-12-15,,
002900,哈三联,12.61,3989000000.0,2017-09-22,C 制造业,
002755,奥赛康,12.6,11695000000.0,2015-05-15,C 制造业,
600182,S佳通,12.59,4281000000.0,1999-05-07,,
920076,国亮新材,12.59,1474000000.0,2026-01-22,非金属矿物制品业,
002878,元隆雅图,12.58,3296000000.0,2017-06-06,L 商务服务,
601155,新城控股,12.56,28331000000.0,2015-12-04,,
000158,常山北明,12.55,20063000000.0,2000-07-24,I 信息技术,
603360,百傲化学,12.55,8863000000.0,2017-02-06,,
603181,皇马科技,12.55,7388000000.0,2017-08-24,,
920685,新芝生物,12.53,1147000000.0,2022-10-10,仪器仪表制造业,
300218,安利股份,12.52,2717000000.0,2011-05-18,C 制造业,
002777,久远银海,12.52,5111000000.0,2015-12-31,I 信息技术,
605555,德昌股份,12.52,6061000000.0,2021-10-21,,
002106,莱宝高科,12.51,8830000000.0,2007-01-12,C 制造业,
603729,ST龙韵,12.51,1153000000.0,2015-03-24,,
000429,粤高速Ａ,12.5,26135000000.000004,1998-02-20,G 运输仓储,
603886,元祖股份,12.5,3000000000.0,2016-12-28,,
300564,筑博设计,12.49,2014999999.9999998,2019-11-08,M 科研服务,
601900,南方传媒,12.49,11016000000.0,2016-02-15,,
600598,北大荒,12.49,22203000000.0,2002-03-29,,
000700,模塑科技,12.47,11448000000.0,1997-02-28,C 制造业,
600703,三安光电,12.47,62213000000.0,1996-05-28,,
603331,百达精工,12.46,2519000000.0,2017-07-05,,
920489,佳先股份,12.46,1700000000.0,2020-07-27,化学原料和化学制品制造业,
300555,ST路通,12.45,2490000000.0,2016-10-18,C 制造业,
300996,普联软件,12.44,4924000000.0,2021-06-03,I 信息技术,
920221,易实精密,12.44,1476000000.0,2023-06-08,汽车制造业,
001239,永达股份,12.43,2983000000.0,2023-12-12,C 制造业,
002982,湘佳股份,12.42,2524000000.0,2020-04-24,A 农林牧渔,
002802,洪汇新材,12.42,2251000000.0,2016-06-29,C 制造业,
300434,金石亚药,12.41,4986000000.0,2015-04-24,C 制造业,
600479,千金药业,12.4,6103000000.0,2004-03-12,,
003015,日久光电,12.39,3482000000.0,2020-10-21,C 制造业,
002254,泰和新材,12.39,10550000000.0,2008-06-25,C 制造业,
001300,三柏硕,12.39,3020000000.0,2022-10-19,C 制造业,
605122,四方新材,12.39,2135000000.0000002,2021-03-10,,
920059,双英集团,12.39,1955000000.0,2026-08-19,汽车制造业,
600955,维远股份,12.38,6809000000.0,2021-09-15,,
920670,数字人,12.38,1315000000.0,2020-12-08,软件和信息技术服务业,
300958,建工修复,12.37,1939000000.0,2021-03-29,N 公共环保,
300313,天山生物,12.37,2966000000.0,2012-04-25,A 农林牧渔,
002973,侨银股份,12.35,5047000000.0,2020-01-06,N 公共环保,
603803,瑞斯康达,12.34,5243000000.0,2017-04-20,,
603863,松炀资源,12.33,2523000000.0,2019-06-21,,
603071,物产环能,12.33,6880000000.0,2021-12-16,,
600216,浙江医药,12.33,11857000000.0,1999-10-21,,
920879,基康技术,12.33,2477000000.0,2022-12-20,仪器仪表制造业,
603928,兴业股份,12.32,4197000000.0,2016-12-12,,
603170,宝立食品,12.32,4928000000.0,2022-07-15,,
688387,信科移动-U,12.31,42085000000.0,,,
001369,双欣材料,12.3,14108000000.000002,2025-12-30,C 制造业,
603339,四方科技,12.3,3806000000.0,2016-05-19,,
603587,地素时尚,12.29,5810000000.0,2018-06-22,,
300612,宣亚国际,12.27,2245000000.0,2017-02-15,L 商务服务,
002836,新宏泽,12.27,2827000000.0,2016-12-29,C 制造业,
688553,汇宇制药-W,12.26,7673999999.999999,,,
600919,江苏银行,12.26,224987000000.0,2016-08-02,,
920885,星辰科技,12.26,2094000000.0000002,2021-07-08,仪器仪表制造业,
300542,新晨科技,12.25,3657000000.0,2016-09-20,I 信息技术,
300384,三联虹普,12.24,3904999999.9999995,2014-08-01,M 科研服务,
002462,嘉事堂,12.24,3570000000.0000005,2010-08-18,F 批发零售,
301211,亨迪药业,12.23,5107000000.0,2021-12-22,C 制造业,
300417,南华仪器,12.23,1646000000.0,2015-01-23,C 制造业,
002600,领益智造,12.23,99311000000.0,2011-07-15,C 制造业,
920124,南特科技,12.23,1819000000.0000002,2025-11-27,通用设备制造业,
300035,中科电气,12.21,8369000000.0,2009-12-25,C 制造业,
601163,XD三角轮,12.21,9768000000.0,2016-09-09,,
300884,狄耐克,12.2,3097000000.0,2020-11-12,C 制造业,
300252,金信诺,12.2,8347000000.0,2011-08-18,C 制造业,
300166,东方国信,12.2,13893000000.0,2011-01-25,I 信息技术,
003025,思进智能,12.2,3464000000.0,2020-12-11,C 制造业,
688590,新致软件,12.19,3814000000.0,,,
600557,康缘药业,12.19,6901000000.000001,2002-09-18,,
001387,雪祺电气,12.18,2229000000.0,2024-01-11,C 制造业,
688526,科前生物,12.18,5677000000.0,,,
603668,天马科技,12.18,6161000000.0,2017-01-17,,
600927,永安期货,12.18,17666000000.0,2021-12-23,,
000922,佳电股份,12.17,10150000000.0,1999-06-18,C 制造业,
603970,中农立华,12.17,3271000000.0,2017-11-16,,
002606,大连电瓷,12.16,5339000000.0,2011-08-05,C 制造业,
600640,国脉文化,12.16,9625000000.0,1993-04-07,,
920663,明阳科技,12.15,1623000000.0,2023-03-15,汽车制造业,
301519,舜禹股份,12.14,1962000000.0,2023-07-27,N 公共环保,
300707,威唐工业,12.14,2111000000.0,2017-10-10,C 制造业,
300083,创世纪,12.14,20644000000.0,2010-05-20,C 制造业,
000551,创元科技,12.14,5885000000.0,1994-01-06,C 制造业,
600352,浙江龙盛,12.14,39495000000.0,2003-08-01,,
300304,云意电气,12.13,10652000000.0,2012-03-21,C 制造业,
300053,航宇微,12.13,8453000000.0,2010-02-11,C 制造业,
603922,ST金鸿顺,12.13,2174000000.0,2017-10-23,,
920896,旺成科技,12.13,1228000000.0,2023-04-19,通用设备制造业,
300397,天和防务,12.12,6274000000.0,2014-09-10,C 制造业,
605108,同庆楼,12.12,3151000000.0,2020-07-16,,
601808,中海油服,12.12,57832000000.00001,2007-09-28,,
002748,世龙实业,12.11,2906000000.0,2015-03-19,C 制造业,
002532,天山铝业,12.11,56054000000.0,2010-12-31,C 制造业,
603466,风语筑,12.11,7203000000.0,2017-10-20,,
002275,桂林三金,12.1,7109999999.999999,2009-07-10,C 制造业,
002199,东晶电子,12.1,2946000000.0,2007-12-21,C 制造业,
605069,正和生态,12.1,2562000000.0,2021-08-16,,
600161,天坛生物,12.1,23926000000.0,1998-06-16,,
000719,中原传媒,12.09,12371000000.0,1997-03-31,R 文化传播,
301395,仁信新材,12.08,2934000000.0,2023-07-03,C 制造业,
603506,南都物业,12.08,2268000000.0,2018-02-01,,
603107,上海汽配,12.08,4075000000.0,2023-11-01,,
300224,正海磁材,12.07,11234000000.0,2011-05-31,C 制造业,
603871,嘉友国际,12.07,16512000000.0,2018-02-06,,
002889,东方嘉盛,12.06,4555000000.0,2017-07-31,L 商务服务,
002401,中远海科,12.06,4482000000.0,2010-05-06,I 信息技术,
600338,西藏珠峰,12.06,11025000000.0,2000-12-27,,
000819,岳阳兴长,12.05,4411000000.0,1997-06-25,C 制造业,
605162,新中港,12.05,5336000000.0,2021-07-07,,
600331,宏达股份,12.05,31831000000.0,2001-12-20,,
002539,云图控股,12.04,14541000000.0,2011-01-18,C 制造业,
600689,上海三毛,12.04,2420000000.0,1993-11-08,,
603332,苏州龙杰,12.03,2603000000.0,2019-01-17,,
002125,湘潭电化,12.02,7567000000.0,2007-04-03,C 制造业,
301268,铭利达,12.01,4814000000.0,2022-04-07,C 制造业,
603810,丰山集团,12.01,1986000000.0,2018-09-17,,
300268,佳沃食品,12.0,2089999999.9999998,2011-09-27,C 制造业,
002082,ST万邦,12.0,7340000000.000001,2006-11-20,C 制造业,
300238,冠昊生物,11.99,3294000000.0,2011-07-06,C 制造业,
002322,理工能科,11.99,4383000000.0,2009-12-18,I 信息技术,
301355,南王科技,11.98,2337000000.0,2023-06-12,C 制造业,
301229,纽泰格,11.98,2178000000.0,2022-02-22,C 制造业,
300719,安达维尔,11.97,3043000000.0,2017-11-09,C 制造业,
920892,广咨国际,11.97,2039000000.0,2021-10-28,专业技术服务业,
300235,方直科技,11.95,3008000000.0,2011-06-29,I 信息技术,
601009,南京银行,11.95,147745000000.0,2007-07-19,,
300825,阿尔特,11.93,5904000000.0,2020-03-27,M 科研服务,
920152,昆工科技,11.93,1314000000.0,2022-09-01,专用设备制造业,
300793,佳禾智能,11.92,4536000000.0,2019-10-18,C 制造业,
600877,电科芯片,11.9,14090000000.0,1995-10-13,,
600523,贵航股份,11.89,4807000000.0,2001-12-27,,
600110,诺德股份,11.89,20631000000.0,1997-10-07,,
300635,中达安,11.88,1663000000.0,2017-03-31,M 科研服务,
002414,高德红外,11.88,50736000000.0,2010-07-16,C 制造业,
002745,木林森,11.87,17617000000.0,2015-02-17,C 制造业,
603700,宁水集团,11.87,2374000000.0,2019-01-22,,
301060,兰卫医学,11.86,4750000000.0,2021-09-13,F 批发零售,
000818,航锦科技,11.86,7828000000.0,1997-10-17,C 制造业,
601881,中国银河,11.86,129682000000.0,2017-01-23,,
601609,金田股份,11.86,20502000000.0,2020-04-22,,
000801,四川九洲,11.85,12043000000.0,1998-05-06,C 制造业,
603877,太平鸟,11.85,5568000000.0,2017-01-09,,
300961,深水海纳,11.84,2098999999.9999998,2021-03-30,N 公共环保,
300018,中元股份,11.82,5777000000.0,2009-10-30,C 制造业,
301156,美农生物,11.81,2174000000.0,2022-06-17,C 制造业,
300184,力源信息,11.81,13541999999.999998,2011-02-22,F 批发零售,
603898,好莱客,11.8,3543000000.0,2015-02-17,,
600995,南网储能,11.8,37713000000.0,2004-06-15,,
000422,湖北宜化,11.79,12815000000.0,1996-08-15,C 制造业,
300517,海波重科,11.77,2359000000.0,2016-07-19,E 建筑业,
300329,海伦钢琴,11.77,2977000000.0,2012-06-19,C 制造业,
002705,新宝股份,11.77,9556000000.0,2014-01-21,C 制造业,
301260,格力博,11.76,5687000000.0,2023-02-08,C 制造业,
002647,仁东控股,11.75,13368000000.0,2011-12-28,J 金融业,
601179,中国西电,11.75,60229000000.0,2010-01-28,,
603711,香飘飘,11.74,4847000000.0,2017-11-30,,
603001,奥康国际,11.74,4708000000.0,2012-04-26,,
920180,爱得科技,11.74,1387000000.0,2026-02-10,专用设备制造业,
300406,九强生物,11.72,6870000000.0,2014-10-30,C 制造业,
002357,富临运业,11.72,3674000000.0,2010-02-10,G 运输仓储,
002136,安 纳 达,11.72,2520000000.0,2007-05-30,C 制造业,
603856,东宏股份,11.72,3306000000.0,2017-11-06,,
300551,古鳌科技,11.71,3982000000.0,2016-10-18,C 制造业,
603041,美思德,11.71,2145000000.0,2017-03-30,,
300787,海能实业,11.7,3667000000.0,2019-08-15,C 制造业,
300295,*ST三六五,11.7,2218000000.0,2012-03-15,I 信息技术,
001248,华润新能源,11.69,155730000000.0,2026-07-02,D 水电煤气,
603565,中谷物流,11.69,24550000000.0,2020-09-25,,
603408,建霖家居,11.69,5232000000.0,2020-07-30,,
920001,纬达光电,11.69,1796000000.0,2022-12-27,计算机、通信和其他电子设备制造业,
600360,华微电子,11.67,11207000000.0,2001-03-16,,
300045,华力创通,11.66,7727000000.0,2010-01-20,C 制造业,
002858,力盛体育,11.66,2177000000.0,2017-03-24,R 文化传播,
000007,全新好,11.64,4033000000.0,1992-04-13,K 房地产,
001318,阳光乳业,11.63,3286999999.9999995,2022-05-20,C 制造业,
000885,城发环境,11.63,7467000000.0,1999-03-19,N 公共环保,
605336,*ST帅电,11.63,2132999999.9999998,2020-10-19,,
603602,纵横通信,11.63,2687000000.0,2017-08-10,,
300590,移为通信,11.62,5371000000.0,2017-01-11,C 制造业,
300333,兆日科技,11.6,3897999999.9999995,2012-06-28,I 信息技术,
300206,理邦仪器,11.6,6723999999.999999,2011-04-21,C 制造业,
000973,佛塑科技,11.6,28516000000.000004,2000-05-25,C 制造业,
300986,志特新材,11.59,6673000000.0,2021-04-30,C 制造业,
002452,长高电气,11.59,7190000000.000001,2010-07-20,C 制造业,
605399,晨光新材,11.59,3609000000.0000005,2020-08-04,,
920870,恒进感应,11.59,1553000000.0,2022-07-05,通用设备制造业,
002679,福建金森,11.58,2730000000.0,2012-06-05,A 农林牧渔,
002003,伟星股份,11.58,13766999999.999998,2004-06-25,C 制造业,
603212,赛伍技术,11.58,5066000000.0,2020-04-30,,
000830,鲁西化工,11.57,22033000000.0,1998-08-07,C 制造业,
603768,常青股份,11.57,2753000000.0,2017-03-24,,
300323,华灿光电,11.56,18762000000.0,2012-06-01,C 制造业,
301180,万祥科技,11.55,4620000000.0,2021-11-16,C 制造业,
600884,杉杉股份,11.54,25914999999.999996,1996-01-30,,
603967,中创物流,11.53,3997000000.0,2019-04-29,,
600531,豫光金铅,11.53,13943000000.0,2002-07-30,,
300429,强力新材,11.51,6393000000.0,2015-03-24,C 制造业,
300112,万讯自控,11.51,3684000000.0000005,2010-08-27,C 制造业,
300822,贝仕达克,11.5,3583000000.0,2020-03-13,C 制造业,
300462,ST华铭,11.49,2082000000.0,2015-05-27,C 制造业,
002216,三全食品,11.49,10102000000.0,2008-02-20,C 制造业,
603693,江苏新能,11.49,10243000000.0,2018-07-03,,
002670,国盛证券,11.48,22215000000.0,2012-04-16,J 金融业,
920454,同心传动,11.47,1205000000.0,2021-11-15,汽车制造业,
920027,交大铁发,11.47,1181000000.0,2025-06-10,铁路、船舶、航空航天和其他运输设备制造业,
300869,康泰医学,11.46,4605000000.0,2020-08-24,C 制造业,
688565,力源科技,11.46,1716000000.0,,,
605077,华康股份,11.46,3469000000.0,2021-02-09,,
920871,派特尔,11.45,972000000.0000001,2022-07-22,橡胶和塑料制品业,
300464,星徽股份,11.44,5346000000.0,2015-06-10,F 批发零售,
000995,皇台酒业,11.44,2030000000.0,2000-08-07,C 制造业,
300771,智莱科技,11.43,2743000000.0,2019-04-22,C 制造业,
002569,*ST步森,11.43,1646000000.0,2011-04-12,C 制造业,
603517,ST绝味,11.43,6927000000.0,2017-03-17,,
600267,海正药业,11.43,13491000000.0,2000-07-25,,
603070,万控智造,11.42,4579000000.0,2022-03-10,,
920765,美之高,11.42,993000000.0,2021-07-05,家具制造业,
300003,乐普医疗,11.41,21033000000.0,2009-10-30,C 制造业,
603712,七一二,11.41,8809000000.0,2018-02-26,,
002043,兔 宝 宝,11.4,9459000000.0,2005-05-10,C 制造业,
600201,生物股份,11.4,12539000000.0,1999-01-15,,
300945,曼卡龙,11.39,2985000000.0,2021-02-10,F 批发零售,
002182,宝武镁业,11.39,11297000000.0,2007-11-13,C 制造业,
603725,天安新材,11.39,3472000000.0,2017-09-06,,
600560,金自天正,11.39,2547000000.0,2002-09-19,,
300755,华致酒行,11.38,4743000000.0,2019-01-29,F 批发零售,
300730,科创信息,11.38,2744000000.0,2017-12-05,I 信息技术,
002735,王子新材,11.38,4270000000.0000005,2014-12-03,C 制造业,
002026,山东威达,11.38,5013000000.0,2004-07-27,C 制造业,
000970,中科三环,11.38,13835000000.0,2000-04-20,C 制造业,
600697,欧亚集团,11.38,1810000000.0000002,1993-12-06,,
920856,浩淼科技,11.37,1082000000.0,2020-12-25,专用设备制造业,
920478,峆一药业,11.37,1253000000.0,2023-02-23,医药制造业,
920475,三友科技,11.37,1149000000.0,2020-07-27,专用设备制造业,
603208,江山欧派,11.34,1994000000.0000002,2017-02-10,,
300956,英力股份,11.33,2441000000.0,2021-03-26,C 制造业,
600372,中航机载,11.33,54825000000.0,2001-07-06,,
002698,博实股份,11.32,11575000000.0,2012-09-11,C 制造业,
920471,美邦科技,11.32,942000000.0,2023-05-25,化学原料和化学制品制造业,
300758,七彩化学,11.31,4514000000.0,2019-02-22,C 制造业,
300729,乐歌股份,11.3,3860000000.0,2017-12-01,C 制造业,
000001,平安银行,11.3,219287000000.0,1991-04-03,J 金融业,
600710,苏美达,11.29,14753000000.0,1996-07-01,,
002846,英联股份,11.28,4738000000.0,2017-02-07,C 制造业,
600292,电投水电,11.26,53645000000.00001,2000-11-01,,
002020,京新药业,11.25,9687000000.0,2004-07-15,C 制造业,
600499,科达制造,11.25,21576000000.0,2002-10-10,,
002737,葵花药业,11.24,6564000000.0,2014-12-30,C 制造业,
603277,银都股份,11.24,6876000000.000001,2017-09-11,,
300994,久祺股份,11.23,2618000000.0,2021-08-12,C 制造业,
300848,美瑞新材,11.23,4805000000.0,2020-07-20,C 制造业,
688007,光峰科技,11.23,5161000000.0,,,
920184,国源科技,11.23,1479000000.0,2020-07-27,软件和信息技术服务业,
300220,金运激光,11.21,1695000000.0,2011-05-25,C 制造业,
300138,晨光生物,11.2,5411000000.0,2010-11-05,C 制造业,
002585,双星新材,11.2,12783000000.0,2011-06-02,C 制造业,
600596,新安股份,11.2,15115000000.0,2001-09-06,,
601696,中银证券,11.18,31058000000.0,2020-02-26,,
002911,佛燃能源,11.17,14501000000.0,2017-11-22,D 水电煤气,
603305,旭升集团,11.17,12909000000.0,2017-07-10,,
600435,北方导航,11.16,16878000000.0,2003-07-04,,
920925,锦好医疗,11.16,1100000000.0,2021-10-25,专用设备制造业,
300092,科新机电,11.15,3054000000.0,2010-07-08,C 制造业,
002818,富森美,11.15,8345000000.0,2016-11-09,L 商务服务,
605228,神通科技,11.15,5348000000.0,2021-01-20,,
601918,新集能源,11.15,28885000000.000004,2007-12-19,,
300465,高伟达,11.13,4939000000.0,2015-05-28,I 信息技术,
300360,炬华科技,11.12,5718000000.0,2014-01-21,C 制造业,
300183,东软载波,11.12,5144000000.0,2011-02-22,C 制造业,
300041,回天新材,11.12,6221000000.0,2010-01-08,C 制造业,
688389,普门科技,11.12,4765000000.0,,,
600438,通威股份,11.12,50062000000.0,2004-03-02,,
600366,宁波韵升,11.12,12221000000.0,2000-10-30,,
603177,德创环保,11.11,2269000000.0,2017-02-07,,
600458,时代新材,11.11,10578000000.0,2002-12-19,,
002969,嘉美包装,11.1,12193000000.0,2019-12-02,C 制造业,
000559,万向钱潮,11.1,36952000000.0,1994-01-10,C 制造业,
603977,国泰集团,11.1,6895999999.999999,2016-11-11,,
920519,XD万德股,11.1,991000000.0,2023-09-15,化学原料和化学制品制造业,
920270,天铭科技,11.1,1161000000.0,2022-09-02,通用设备制造业,
002457,青龙管业,11.09,3697999999.9999995,2010-08-03,C 制造业,
000045,深纺织Ａ,11.09,5617000000.0,1994-08-15,C 制造业,
688586,江航装备,11.09,8776000000.0,,,
600258,首旅酒店,11.09,12383000000.0,2000-06-01,,
300383,光环新网,11.07,19899000000.0,2014-01-29,I 信息技术,
300234,开尔新材,11.07,5570000000.0,2011-06-22,C 制造业,
603309,维力医疗,11.07,3231000000.0,2015-03-02,,
300932,三友联众,11.06,4956000000.0,2021-01-22,C 制造业,
600428,中远海特,11.06,30348000000.0,2002-04-18,,
920230,欧康医药,11.05,1110000000.0,2022-12-09,医药制造业,
002507,涪陵榨菜,11.04,12739000000.0,2010-11-23,C 制造业,
000155,川能动力,11.04,20382000000.0,2000-09-26,D 水电煤气,
601012,隆基绿能,11.04,83662000000.0,2012-04-11,,
001217,华尔泰,11.03,3661000000.0,2021-09-29,C 制造业,
601963,重庆银行,11.03,39992000000.0,2021-02-05,,
600732,爱旭股份,11.02,23309000000.0,1996-08-16,,
300251,光线传媒,11.01,32299000000.0,2011-08-03,R 文化传播,
002348,高乐股份,11.01,10934000000.0,2010-02-03,C 制造业,
000710,贝瑞基因,11.01,3892000000.0,1997-04-22,M 科研服务,
688616,西力科技,11.01,1975000000.0,,,
600059,古越龙山,11.0,10027000000.0,1997-05-16,,
603279,景津装备,10.99,6334000000.0,2019-07-29,,
603166,福达股份,10.99,7095999999.999999,2014-11-27,,
003003,天元股份,10.98,1939999999.9999998,2020-09-21,C 制造业,
601939,建设银行,10.98,2872372000000.0,2007-09-25,,
300414,中光防雷,10.97,3576000000.0,2015-05-13,C 制造业,
002571,德力股份,10.97,4300000000.0,2011-04-12,C 制造业,
002014,永新股份,10.96,6713000000.0,2004-07-08,C 制造业,
603861,白云电器,10.95,5919000000.0,2016-03-22,,
601857,中国石油,10.95,2004080000000.0,2007-11-05,,
920580,科创新材,10.94,941000000.0,2022-05-13,非金属矿物制品业,
920123,芭薇股份,10.93,1219000000.0,2024-03-29,化学原料和化学制品制造业,
300963,中洲特材,10.91,5004000000.0,2021-04-09,C 制造业,
002533,金杯电工,10.91,8006999999.999999,2010-12-31,C 制造业,
603758,秦安股份,10.91,4725000000.0,2017-05-17,,
600559,老白干酒,10.91,9980000000.0,2002-10-29,,
002144,宏达高科,10.9,1927000000.0,2007-08-03,C 制造业,
600865,百大集团,10.9,4101000000.0,1994-08-09,,
300918,南山智尚,10.89,5512000000.0,2020-12-22,C 制造业,
002788,鹭燕医药,10.89,4231000000.0,2016-02-18,F 批发零售,
002448,中原内配,10.89,6620000000.0,2010-07-16,C 制造业,
688599,天合光能,10.89,25511000000.0,,,
600686,金龙汽车,10.88,7801000000.000001,1993-11-08,,
603289,泰瑞机器,10.87,3189000000.0,2017-10-31,,
300005,探路者,10.86,9597000000.0,2009-10-30,C 制造业,
002725,跃岭股份,10.86,2780000000.0,2014-01-29,C 制造业,
920237,力佳科技,10.86,1032000000.0,2022-11-25,电气机械和器材制造业,
300778,新城市,10.85,2210000000.0,2019-05-10,M 科研服务,
002923,润都股份,10.85,3634000000.0000005,2018-01-05,C 制造业,
002828,贝肯能源,10.85,2181000000.0,2016-12-08,B 采矿业,
600415,小商品城,10.84,59441999999.99999,2002-05-09,,
300616,尚品宅配,10.83,2432000000.0,2017-03-07,C 制造业,
603006,联明股份,10.83,2754000000.0,2014-06-30,,
601061,中信金属,10.83,53066999999.99999,2023-04-10,,
600846,同济科技,10.83,6766000000.0,1994-03-11,,
603315,福鞍股份,10.82,3465999999.9999995,2015-04-24,,
300300,海峡创新,10.81,7209000000.0,2012-03-19,I 信息技术,
000685,中山公用,10.81,15866000000.0,1997-01-23,D 水电煤气,
603458,勘设股份,10.81,3309000000.0000005,2017-08-09,,
600288,大恒科技,10.8,4717000000.0,2000-11-29,,
920802,保丽洁,10.8,886000000.0,2023-02-06,专用设备制造业,
920419,路斯股份,10.8,1116000000.0,2022-03-11,农副食品加工业,
001896,豫能控股,10.79,16463000000.0,1998-01-22,D 水电煤气,
000729,燕京啤酒,10.78,30383999999.999996,1997-07-16,C 制造业,
300705,九典制药,10.76,5383000000.0,2017-10-10,C 制造业,
688184,ST帕瓦,10.76,1686000000.0,,,
600508,XD上海能,10.76,10887000000.0,2001-08-29,,
002527,新时达,10.75,7128000000.0,2010-12-24,C 制造业,
002293,罗莱生活,10.75,9003000000.0,2009-09-10,C 制造业,
300437,清水源,10.73,2631000000.0,2015-04-23,C 制造业,
300386,飞天诚信,10.73,4486000000.0,2014-06-26,I 信息技术,
600483,福能股份,10.73,29831000000.0,2004-05-31,,
603098,森特股份,10.72,5784000000.0,2016-12-16,,
600104,上汽集团,10.72,123229000000.0,1997-11-25,,
300659,中孚信息,10.71,2789000000.0,2017-05-26,I 信息技术,
003038,鑫铂股份,10.71,2606000000.0,2021-02-10,C 制造业,
000612,焦作万方,10.71,12768000000.0,1996-09-26,C 制造业,
002170,芭田股份,10.7,10399000000.0,2007-09-19,C 制造业,
600081,东风科技,10.7,5917000000.0,1997-07-03,,
920701,豪声电子,10.7,1468000000.0,2023-07-19,计算机、通信和其他电子设备制造业,
300694,蠡湖股份,10.69,2320000000.0,2018-10-15,C 制造业,
920436,大地电气,10.68,1016000000.0,2021-11-15,汽车制造业,
603187,海容冷链,10.65,4115000000.0,2018-11-29,,
300263,隆华科技,10.64,10871000000.0,2011-09-16,C 制造业,
002772,众兴菌业,10.64,3986999999.9999995,2015-06-26,A 农林牧渔,
000014,沙河股份,10.64,2575000000.0,1992-06-02,K 房地产,
600356,恒丰纸业,10.64,3506000000.0,2001-04-19,,
600054,黄山旅游,10.64,7761000000.0,1997-05-06,,
920208,青矩技术,10.64,1982000000.0,2023-06-29,专业技术服务业,
600679,上海凤凰,10.63,5265000000.0,1993-10-08,,
002194,武汉凡谷,10.62,7256000000.0,2007-12-07,C 制造业,
600833,第一医药,10.62,2369000000.0,1994-02-24,,
300582,英飞特,10.6,3164000000.0,2016-12-28,C 制造业,
002727,一心堂,10.6,6207000000.0,2014-07-02,F 批发零售,
600228,返利科技,10.6,4417000000.0,1999-01-19,,
300490,华自科技,10.59,4222000000.0,2015-12-31,C 制造业,
603601,再升科技,10.59,12097000000.0,2015-01-22,,
300407,凯发电气,10.58,3665000000.0,2014-12-03,C 制造业,
603390,通达电气,10.58,3720000000.0000005,2019-11-25,,
920407,驰诚股份,10.58,1174000000.0,2023-02-16,仪器仪表制造业,
603968,醋化股份,10.57,2161000000.0,2015-05-18,,
300658,延江股份,10.56,3514000000.0,2017-06-02,C 制造业,
300227,光韵达,10.56,6291000000.0,2011-06-08,C 制造业,
002918,蒙娜丽莎,10.56,4317000000.0,2017-12-19,C 制造业,
920339,恒太照明,10.56,2319000000.0,2022-11-17,电气机械和器材制造业,
300800,力合科技,10.55,2498000000.0,2019-11-06,C 制造业,
002987,京北方,10.55,10977000000.0,2020-05-07,I 信息技术,
300306,远方信息,10.54,2835000000.0,2012-03-29,C 制造业,
002104,恒宝股份,10.54,7466000000.0,2007-01-10,C 制造业,
000913,钱江摩托,10.54,5548000000.0,1999-05-14,C 制造业,
603035,常熟汽饰,10.54,3861000000.0,2017-01-05,,
603015,弘讯科技,10.54,4260000000.0,2015-03-03,,
600785,新华百货,10.54,3329000000.0,1997-01-08,,
002695,煌上煌,10.53,5892000000.0,2012-09-05,C 制造业,
002229,鸿博股份,10.52,5188000000.0,2008-05-08,C 制造业,
603916,苏博特,10.52,4422000000.0,2017-11-10,,
600055,万东医疗,10.52,7395999999.999999,1997-05-19,,
300188,国投智能,10.51,9033000000.0,2011-03-16,I 信息技术,
603158,腾龙股份,10.51,5158000000.0,2015-03-20,,
300106,西部牧业,10.5,2219000000.0,2010-08-20,C 制造业,
300610,晨化股份,10.49,2225000000.0,2017-02-13,C 制造业,
002713,东易日盛,10.47,9961000000.0,2014-02-19,E 建筑业,
002637,赞宇科技,10.47,4925000000.0,2011-11-25,C 制造业,
603008,ST喜临门,10.47,3856000000.0,2012-07-17,,
603787,新日股份,10.46,2407000000.0,2017-04-27,,
001258,立新能源,10.44,9744000000.0,2022-07-27,D 水电煤气,
600711,盛屯矿业,10.43,32235000000.000004,1996-05-31,,
000411,英特集团,10.42,5886000000.0,1996-07-16,F 批发零售,
603500,祥和实业,10.42,3468000000.0,2017-09-04,,
603918,金桥信息,10.41,3801000000.0,2015-05-28,,
603639,海利尔,10.41,3640000000.0,2017-01-12,,
601966,玲珑轮胎,10.41,15235000000.0,2016-07-06,,
300856,科思股份,10.4,4947000000.0,2020-07-22,C 制造业,
002941,新疆交建,10.4,7589000000.0,2018-11-28,E 建筑业,
002271,东方雨虹,10.4,24842000000.0,2008-09-10,C 制造业,
000682,东方电子,10.4,13944000000.0,1997-01-21,I 信息技术,
600650,锦江在线,10.4,5737000000.0,1993-06-07,,
920429,康比特,10.38,1292000000.0,2022-12-15,食品制造业,
688219,会通股份,10.37,5689000000.0,,,
600446,金证股份,10.37,9761000000.0,2003-12-24,,
301126,达嘉维康,10.36,2128000000.0,2021-12-07,F 批发零售,
603585,苏利股份,10.36,2853000000.0,2016-12-14,,
603599,广信股份,10.35,9421000000.0,2015-05-13,,
000533,顺钠股份,10.34,7143000000.000001,1994-01-03,C 制造业,
300439,美康生物,10.33,3965000000.0,2015-04-22,C 制造业,
300349,金卡智能,10.33,4310000000.0,2012-08-17,I 信息技术,
002403,爱仕达,10.33,3519000000.0,2010-05-11,C 制造业,
603628,清源股份,10.33,2816000000.0,2017-01-12,,
603600,永艺股份,10.32,3410000000.0,2015-01-23,,
300614,百川畅银,10.31,1654000000.0,2021-05-25,N 公共环保,
002465,海格通信,10.31,25588000000.0,2010-08-31,C 制造业,
688528,秦川物联,10.31,1732000000.0,,,
603336,宏辉果蔬,10.3,6270000000.0,2016-11-24,,
920932,科达自控,10.3,1085000000.0,2021-11-15,软件和信息技术服务业,
920718,合肥高科,10.3,934000000.0,2022-12-22,电气机械和器材制造业,
920427,华维设计,10.3,1061999999.9999999,2021-02-05,专业技术服务业,
002953,日丰股份,10.29,5058000000.0,2019-05-09,C 制造业,
603998,方盛制药,10.29,4518000000.0,2014-12-05,,
600550,保变电气,10.29,18949000000.0,2001-02-28,,
920946,森萱医药,10.29,4393000000.0,2020-07-27,医药制造业,
688575,亚辉龙,10.28,5874000000.0,,,
300600,国瑞科技,10.27,3022000000.0,2017-01-25,C 制造业,
600992,贵绳股份,10.27,2517000000.0,2004-05-14,,
600739,辽宁成大,10.27,15634000000.0,1996-08-19,,
300894,火星人,10.26,4154999999.9999995,2020-12-31,C 制造业,
300270,中威电子,10.25,3104000000.0,2011-10-12,C 制造业,
002762,金发拉比,10.25,3629000000.0,2015-06-10,C 制造业,
002171,楚江新材,10.25,16635000000.0,2007-09-21,C 制造业,
301277,新天地,10.24,4015000000.0,2022-11-16,C 制造业,
300605,恒锋信息,10.24,1691000000.0,2017-02-08,I 信息技术,
002394,联发股份,10.23,3311000000.0,2010-04-23,C 制造业,
603703,盛洋科技,10.23,4245000000.0000005,2015-04-23,,
920212,智新电子,10.23,1085000000.0,2021-06-08,计算机、通信和其他电子设备制造业,
301032,新柴股份,10.22,2464000000.0,2021-07-22,C 制造业,
300137,先河环保,10.22,5484000000.0,2010-11-05,C 制造业,
002319,乐通股份,10.22,2141000000.0,2009-12-11,C 制造业,
603037,凯众股份,10.22,2724000000.0,2017-01-20,,
600571,信雅达,10.21,4761000000.0,2002-11-01,,
300371,汇中股份,10.2,2052000000.0,2014-01-23,C 制造业,
300084,海默科技,10.2,5597000000.0,2010-05-20,B 采矿业,
603329,上海雅仕,10.2,2551000000.0,2017-12-29,,
300097,智云股份,10.19,3018000000.0,2010-07-28,C 制造业,
605300,佳禾食品,10.19,4630000000.0,2021-04-30,,
603566,普莱柯,10.19,3526000000.0,2015-05-18,,
601098,中南传媒,10.18,18283000000.0,2010-10-28,,
600505,西昌电力,10.17,3708000000.0,2002-05-30,,
002115,三维通信,10.16,8179000000.000001,2007-02-15,L 商务服务,
001299,美能能源,10.16,3192000000.0,2022-10-31,D 水电煤气,
920837,华原股份,10.16,1552000000.0,2023-05-15,汽车制造业,
002893,京能热力,10.15,2676000000.0,2017-09-15,D 水电煤气,
688306,均普智能,10.15,12467000000.0,,,
605268,王力安防,10.15,4472000000.0,2021-02-24,,
603088,宁波精达,10.15,5099000000.0,2014-11-11,,
601611,中国核建,10.15,30589999999.999996,2016-06-06,,
300075,数字政通,10.14,6298000000.0,2010-04-27,I 信息技术,
002917,金奥博,10.14,3525000000.0,2017-12-08,C 制造业,
002361,神剑股份,10.14,9643000000.0,2010-03-03,C 制造业,
300052,中青宝,10.13,2653000000.0,2010-02-11,I 信息技术,
002196,方正电机,10.13,5023000000.0,2007-12-12,C 制造业,
600633,XD浙数文,10.13,12846000000.0,1993-03-04,,
920770,艾能聚,10.1,1314000000.0,2023-02-28,电气机械和器材制造业,
920258,聚仁新材,10.1,4040000000.0,2026-08-03,化学原料和化学制品制造业,
300595,欧普康视,10.09,9024000000.0,2017-01-17,C 制造业,
000860,顺鑫农业,10.09,7484000000.0,1998-11-04,C 制造业,
688707,振华新材,10.09,5133000000.0,,,
688429,时创能源,10.09,4036000000.0,,,
920089,禾昌聚合,10.09,1976000000.0000002,2021-11-09,橡胶和塑料制品业,
300581,晨曦航空,10.08,5545000000.0,2016-12-20,C 制造业,
002208,合肥城建,10.08,8097000000.0,2008-01-28,K 房地产,
600268,国电南自,10.08,10237000000.0,1999-11-18,,
002867,周大生,10.07,10931000000.0,2017-04-27,F 批发零售,
300701,森霸传感,10.06,2813000000.0,2017-09-15,C 制造业,
300036,超图软件,10.06,4957000000.0,2009-12-25,I 信息技术,
605050,福然德,10.06,4958000000.0,2020-09-24,,
300374,中铁装配,10.05,2471000000.0,2015-03-19,C 制造业,
000828,东莞控股,10.04,10437000000.0,1997-06-17,G 运输仓储,
301256,华融化学,10.03,4814000000.0,2022-03-22,C 制造业,
603730,岱美股份,10.03,21550000000.0,2017-07-28,,
600251,冠农股份,10.03,7793000000.000001,2003-06-09,,
300625,三雄极光,10.02,2799000000.0,2017-03-17,C 制造业,
601116,三江购物,10.02,5488000000.0,2011-03-02,,
600350,山东高速,10.02,48442000000.0,2002-03-18,,
000151,中成股份,10.01,3513000000.0000005,2000-09-06,F 批发零售,
600573,惠泉啤酒,10.0,2500000000.0,2003-02-26,,
301025,读客文化,9.99,3999000000.0,2021-07-19,R 文化传播,
000555,神州信息,9.99,9748000000.0,1994-04-08,I 信息技术,
603680,今创集团,9.99,7829000000.000001,2018-02-27,,
600078,澄星股份,9.99,6790000000.000001,1997-06-27,,
002910,庄园牧场,9.98,1951000000.0000002,2017-10-31,C 制造业,
000798,中水渔业,9.98,3651000000.0,1998-02-12,A 农林牧渔,
000712,锦龙股份,9.98,8942000000.0,1997-04-15,J 金融业,
603108,润达医疗,9.98,6034000000.0,2015-05-27,,
600203,福日电子,9.98,5918000000.0,1999-05-14,,
300471,厚普股份,9.97,4687000000.0,2015-06-11,C 制造业,
600476,*ST湘邮,9.97,1605999999.9999998,2003-12-10,,
603017,中衡设计,9.95,2748000000.0,2014-12-31,,
920806,云星宇,9.95,2992000000.0,2024-01-11,软件和信息技术服务业,
300993,玉马科技,9.94,3063000000.0,2021-05-24,C 制造业,
002041,登海种业,9.94,8747000000.0,2005-04-18,A 农林牧渔,
000609,*ST中迪,9.94,2975000000.0,1996-10-10,S 综合,
300222,科大智能,9.93,7767000000.0,2011-05-25,C 制造业,
300141,和顺电气,9.93,2560000000.0,2010-11-12,C 制造业,
002184,海得控制,9.93,3494000000.0,2007-11-16,C 制造业,
000403,派林生物,9.92,9428000000.0,1996-06-28,C 制造业,
300514,友讯达,9.91,1982000000.0,2017-04-26,C 制造业,
603885,吉祥航空,9.91,21495000000.0,2015-05-27,,
603536,惠发食品,9.91,2384000000.0,2017-06-13,,
603223,恒通股份,9.9,6988000000.0,2015-06-30,,
688327,云从科技-UW,9.89,10285000000.0,,,
002295,精艺股份,9.88,2476000000.0,2009-09-29,C 制造业,
001965,招商公路,9.88,67136000000.0,2017-12-25,G 运输仓储,
688247,宣泰医药,9.88,4479000000.0,,,
603909,建发合诚,9.88,2575000000.0,2016-06-28,,
002351,漫步者,9.87,8775000000.0,2010-02-05,C 制造业,
002201,九鼎新材,9.87,6431999999.999999,2007-12-26,C 制造业,
300608,思特奇,9.86,3432000000.0,2017-02-13,I 信息技术,
300214,日科化学,9.86,4584000000.0,2011-05-11,C 制造业,
920126,永大股份,9.86,1835000000.0000002,2026-06-15,专用设备制造业,
000065,北方国际,9.85,11440000000.0,1998-06-05,F 批发零售,
920363,莱赛激光,9.85,1222000000.0,2023-12-28,仪器仪表制造业,
300016,北陆药业,9.84,5724000000.0,2009-10-30,C 制造业,
002736,国信证券,9.84,100779000000.0,2014-12-29,J 金融业,
002068,黑猫股份,9.84,7236000000.0,2006-09-15,C 制造业,
920926,鸿智科技,9.83,869000000.0,2023-08-08,电气机械和器材制造业,
002276,万马股份,9.82,9929000000.0,2009-07-10,C 制造业,
603387,基蛋生物,9.82,4980000000.0,2017-07-17,,
920931,无锡鼎邦,9.82,922000000.0000001,2024-04-08,专用设备制造业,
300968,格林精密,9.81,4054999999.9999995,2021-04-15,C 制造业,
300121,阳谷华泰,9.81,4368000000.0,2010-09-17,C 制造业,
000905,厦门港务,9.81,15130000000.000002,1999-04-29,F 批发零售,
603330,天洋新材,9.81,4245000000.0000005,2017-02-13,,
603278,大业股份,9.8,3349000000.0,2017-11-13,,
600969,郴电国际,9.79,3622999999.9999995,2004-04-08,,
300565,科信技术,9.78,2442000000.0,2016-11-22,C 制造业,
300774,倍杰特,9.77,3994000000.0,2021-08-04,N 公共环保,
002023,海特高新,9.77,7238000000.0,2004-07-21,C 制造业,
688410,山外山,9.77,4371000000.0,,,
600693,东百集团,9.76,8490000000.000001,1993-11-22,,
002968,新大正,9.75,2206000000.0,2019-12-03,K 房地产,
002820,桂发祥,9.75,1957999999.9999998,2016-11-18,C 制造业,
601298,青岛港,9.75,63288000000.0,2019-01-21,,
600025,华能水电,9.75,181653000000.0,2017-12-15,,
603085,天成自控,9.74,3868000000.0,2015-06-30,,
920642,通易航天,9.74,1010000000.0,2021-08-16,橡胶和塑料制品业,
600888,新疆众和,9.72,15096000000.0,1996-02-15,,
600618,氯碱化工,9.72,11240000000.0,1992-11-13,,
600178,东安动力,9.72,4534000000.0,1998-10-14,,
301082,久盛电气,9.71,2857000000.0,2021-10-27,C 制造业,
600773,西藏城投,9.71,9240000000.0,1996-11-08,,
300288,朗玛信息,9.7,3278000000.0,2012-02-16,I 信息技术,
603648,畅联股份,9.7,3515000000.0,2017-09-13,,
603577,汇金通,9.7,3290000000.0,2016-12-22,,
600859,王府井,9.7,10902000000.0,1994-05-06,,
002624,完美世界,9.69,18798000000.0,2011-10-28,I 信息技术,
000957,中通客车,9.68,5739000000.0,2000-01-13,C 制造业,
000678,襄阳轴承,9.68,4449000000.0,1997-01-06,C 制造业,
601577,长沙银行,9.67,38888000000.0,2018-09-26,,
601566,九牧王,9.67,5557000000.0,2011-05-30,,
300500,启迪设计,9.65,1679000000.0,2016-02-04,M 科研服务,
300149,睿智医药,9.65,4873000000.0,2010-12-22,M 科研服务,
603682,锦和商管,9.65,4560000000.0,2020-04-21,,
603527,众源新材,9.65,3059000000.0,2017-09-07,,
601615,明阳智能,9.65,21823000000.0,2019-01-23,,
603660,苏州科达,9.64,5509000000.0,2016-12-01,,
603189,*ST网达,9.63,2596000000.0,2016-09-14,,
002215,诺 普 信,9.62,9661000000.0,2008-02-18,C 制造业,
603089,正裕工业,9.62,2652000000.0,2017-01-26,,
600829,人民同泰,9.62,5579000000.0,1994-02-24,,
920833,美心翼申,9.62,1102000000.0,2023-11-08,通用设备制造业,
920163,方大新材,9.62,1238000000.0,2020-07-27,橡胶和塑料制品业,
002728,特一药业,9.61,4933000000.0,2014-07-31,C 制造业,
002064,华峰化学,9.61,47690000000.0,2006-08-23,C 制造业,
002062,宏润建设,9.61,11890000000.0,2006-08-16,E 建筑业,
000837,秦川机床,9.61,9832000000.0,1998-09-28,C 制造业,
600639,浦东金桥,9.61,10786000000.0,1993-03-26,,
920300,辰光医疗,9.61,825000000.0,2022-12-07,专用设备制造业,
002590,万安科技,9.6,4983000000.0,2011-06-10,C 制造业,
002139,拓邦股份,9.6,11970000000.0,2007-06-29,C 制造业,
300358,楚天科技,9.59,6858000000.0,2014-01-21,C 制造业,
002632,道明光学,9.59,5990000000.0,2011-11-22,C 制造业,
920957,汉维科技,9.59,1028999999.9999999,2022-12-14,化学原料和化学制品制造业,
002399,海普瑞,9.58,14057000000.0,2010-05-06,C 制造业,
002181,粤 传 媒,9.58,11123000000.0,2007-11-16,L 商务服务,
300654,世纪天鸿,9.57,3504000000.0,2017-09-26,R 文化传播,
920145,恒合股份,9.57,675000000.0,2021-11-15,仪器仪表制造业,
300647,超频三,9.56,4372000000.0,2017-05-03,C 制造业,
600661,昂立教育,9.56,2739000000.0,1993-06-14,,
600354,敦煌种业,9.53,5030000000.0,2004-01-15,,
920703,广厦环能,9.53,1436000000.0,2023-12-05,专用设备制造业,
920571,国航远洋,9.53,5293000000.0,2022-12-15,水上运输业,
600817,宇通重工,9.52,5088000000.0,1994-01-28,,
002284,亚太股份,9.51,7029000000.000001,2009-08-28,C 制造业,
603055,台华新材,9.51,8467000000.0,2017-09-21,,
601229,上海银行,9.51,135128000000.0,2016-11-16,,
600775,南京熊猫,9.51,8691000000.0,1996-11-18,,
920807,奔朗新材,9.51,1730000000.0,2022-12-20,非金属矿物制品业,
301102,兆讯传媒,9.5,3857000000.0,2022-03-28,L 商务服务,
001356,富岭股份,9.5,5599000000.0,2025-01-23,C 制造业,
603901,永创智能,9.5,5479000000.0,2015-05-29,,
603836,海程邦达,9.5,2719000000.0,2021-05-26,,
600707,彩虹股份,9.49,34054000000.000004,1996-05-20,,
002248,华东数控,9.48,2915000000.0,2008-06-12,C 制造业,
002083,孚日股份,9.48,8974000000.0,2006-11-24,C 制造业,
300772,运达股份,9.47,7451000000.000001,2019-04-26,C 制造业,
300708,聚灿光电,9.45,8914000000.0,2017-10-16,C 制造业,
300501,海顺新材,9.45,2629000000.0,2016-02-04,C 制造业,
002582,好想你,9.45,4231000000.0,2011-05-20,C 制造业,
002085,万丰奥威,9.44,20044000000.0,2006-11-28,C 制造业,
002053,云南能投,9.44,8692000000.0,2006-06-27,D 水电煤气,
920541,铁大科技,9.44,1290000000.0,2023-03-10,铁路、船舶、航空航天和其他运输设备制造业,
300637,扬帆新材,9.43,2214000000.0,2017-04-12,C 制造业,
002825,纳尔股份,9.43,3225000000.0,2016-11-29,C 制造业,
002296,辉煌科技,9.43,3674000000.0,2009-09-29,C 制造业,
001286,陕西能源,9.43,35362000000.0,2023-04-10,D 水电煤气,
600615,鑫源智造,9.43,2128000000.0,1992-09-10,,
300541,先进数通,9.42,4051000000.0,2016-09-13,I 信息技术,
600099,林海股份,9.42,2064000000.0,1997-07-04,,
920792,东和新材,9.41,1558000000.0,2023-03-30,非金属矿物制品业,
603081,大丰实业,9.4,3971000000.0,2017-04-20,,
002242,九阳股份,9.39,7165000000.000001,2008-05-28,C 制造业,
002186,全 聚 德,9.39,2882000000.0,2007-11-20,H 住宿餐饮,
603912,佳力图,9.39,5092000000.0,2017-11-01,,
601890,亚星锚链,9.39,9009000000.0,2010-12-28,,
003000,劲仔食品,9.38,4135000000.0,2020-09-14,C 制造业,
605567,春雪食品,9.38,1867000000.0000002,2021-10-13,,
600237,铜峰电子,9.38,5914000000.0,2000-06-09,,
300586,美联新材,9.37,6664000000.0,2017-01-04,C 制造业,
300368,汇金股份,9.37,4956000000.0,2014-01-23,I 信息技术,
603123,翠微股份,9.37,7484000000.0,2012-05-03,,
002019,亿帆医药,9.36,11385000000.0,2004-07-13,C 制造业,
002129,TCL中环,9.35,37803000000.0,2007-04-20,C 制造业,
002111,威海广泰,9.35,4974000000.0,2007-01-26,C 制造业,
000810,创维数字,9.35,10754000000.0,1998-06-02,C 制造业,
603066,音飞储存,9.35,2751000000.0,2015-06-11,,
600151,航天机电,9.35,13410000000.0,1998-06-05,,
603551,奥普科技,9.33,3589000000.0,2020-01-15,,
000829,天音控股,9.32,9554000000.0,1997-12-02,F 批发零售,
603333,福华尚纬,9.32,6945000000.0,2012-05-07,,
600683,京投发展,9.32,6904000000.000001,1993-10-25,,
300146,汤臣倍健,9.31,15750000000.0,2010-12-15,C 制造业,
603218,日月股份,9.31,9588000000.0,2016-12-28,,
300463,迈克生物,9.3,5623000000.0,2015-05-28,C 制造业,
688659,元琛科技,9.3,1488000000.0,,,
600648,外高桥,9.3,12647000000.0,1993-05-04,,
600588,用友网络,9.3,31777999999.999996,2001-05-18,,
301009,可靠股份,9.29,2526000000.0,2021-06-17,C 制造业,
601865,福莱特,9.27,21719000000.0,2019-02-15,,
600197,伊力特,9.27,4386000000.0,1999-09-16,,
002883,*ST中设,9.26,1446000000.0,2017-06-20,M 科研服务,
002029,七 匹 狼,9.26,6529000000.000001,2004-08-06,C 制造业,
600497,驰宏锌锗,9.26,46674000000.0,2004-04-20,,
920422,润普食品,9.26,819000000.0,2023-03-01,食品制造业,
600380,健康元,9.25,16922000000.0,2001-06-08,,
300348,长亮科技,9.24,7506000000.0,2012-08-17,I 信息技术,
688609,九联科技,9.24,4823000000.0,,,
600236,桂冠电力,9.24,72833000000.0,2000-03-23,,
920566,梓橦宫,9.24,1335000000.0,2021-08-13,医药制造业,
002140,东华科技,9.22,6528000000.0,2007-07-12,E 建筑业,
000888,峨眉山Ａ,9.22,4858000000.0,1997-10-21,N 公共环保,
605366,宏柏新材,9.22,7125000000.0,2020-08-12,,
002966,苏州银行,9.2,41130000000.0,2019-08-02,J 金融业,
000011,深物业A,9.2,5483000000.0,1992-03-30,K 房地产,
600097,开创国际,9.2,2217000000.0,1997-06-19,,
002930,宏川智慧,9.17,4200000000.0,2018-03-28,G 运输仓储,
000929,兰州黄河,9.17,1703000000.0,1999-06-23,C 制造业,
600156,华升股份,9.17,3686999999.9999995,1998-05-27,,
002887,绿茵生态,9.14,2797000000.0,2017-08-01,N 公共环保,
002649,博彦科技,9.14,5406000000.0,2012-01-06,I 信息技术,
301116,益客食品,9.12,4095000000.0000005,2022-01-18,C 制造业,
603880,南卫股份,9.12,2636000000.0,2017-08-07,,
300692,中赋科技,9.11,5122000000.0,2017-08-21,N 公共环保,
000582,北部湾港,9.11,22931000000.0,1995-11-02,G 运输仓储,
601952,苏垦农发,9.11,12554000000.0,2017-05-15,,
600818,ST中路,9.11,2928000000.0,1994-01-28,,
002412,汉森制药,9.1,4579000000.0,2010-05-25,C 制造业,
001338,永顺泰,9.1,4566000000.0,2022-11-16,C 制造业,
600189,泉阳泉,9.1,6508000000.0,1998-10-07,,
300337,银邦股份,9.09,7472000000.0,2012-07-18,C 制造业,
002716,湖南白银,9.09,25662000000.0,2014-01-28,C 制造业,
603559,中通国脉,9.09,3647999999.9999995,2016-12-02,,
300047,天源迪科,9.08,5791000000.0,2010-01-20,I 信息技术,
002040,南 京 港,9.08,4414000000.0,2005-03-25,G 运输仓储,
000691,亚太实业,9.08,4403000000.0,1997-02-28,C 制造业,
600822,上海物贸,9.08,4503000000.0,1994-02-04,,
603719,良品铺子,9.07,3610000000.0,2020-02-24,,
603697,有友食品,9.07,3879000000.0,2019-05-08,,
603136,天目湖,9.07,2450000000.0,2017-09-27,,
600250,南京商旅,9.07,2837000000.0,2001-03-06,,
920132,泰鹏智能,9.07,977000000.0,2023-11-16,家具制造业,
300460,ST惠伦,9.06,2544000000.0,2015-05-15,C 制造业,
002416,爱施德,9.06,11228000000.0,2010-05-28,F 批发零售,
600191,华资实业,9.06,4393000000.0,1998-12-10,,
002423,中粮资本,9.05,20852000000.0,2010-06-03,J 金融业,
300095,华伍股份,9.04,3565999999.9999995,2010-07-28,C 制造业,
000680,山推股份,9.04,13561000000.000002,1997-01-22,C 制造业,
002152,广电运通,9.03,22425000000.0,2007-08-13,C 制造业,
002096,易普力,9.03,11201000000.0,2006-12-22,C 制造业,
300453,三鑫医疗,9.02,4709000000.0,2015-05-15,C 制造业,
002090,金智科技,9.02,3613000000.0000005,2006-12-08,C 制造业,
000859,国风新材,9.02,8081999999.999999,1998-11-19,C 制造业,
601878,浙商证券,9.02,40906000000.0,2017-06-26,,
605337,李子园,9.01,3492000000.0,2021-02-08,,
601998,中信银行,9.01,501363000000.0,2007-04-27,,
003032,传智教育,9.0,3622000000.0,2021-01-12,P 教育,
688588,凌志软件,9.0,3510000000.0,,,
600000,浦发银行,9.0,299753000000.0,1999-11-10,,
002324,普利特,8.99,10000000000.0,2009-12-18,C 制造业,
300118,东方日升,8.98,10237000000.0,2010-09-02,C 制造业,
002693,双成药业,8.98,3724000000.0,2012-08-08,C 制造业,
002313,日海智能,8.98,3361999999.9999995,2009-12-03,C 制造业,
000899,赣能股份,8.98,8762000000.0,1997-11-26,D 水电煤气,
002559,亚威股份,8.97,5758000000.0,2011-03-03,C 制造业,
002413,雷科防务,8.97,11834000000.0,2010-05-28,C 制造业,
000590,古汉医药,8.97,2148000000.0,1996-01-19,C 制造业,
300275,梅安森,8.96,2760000000.0,2011-11-02,I 信息技术,
000752,*ST西发,8.96,2363000000.0,1997-06-25,C 制造业,
000626,远大控股,8.96,4539000000.0,1996-11-28,F 批发零售,
688066,*ST航图,8.96,2359000000.0,,,
920271,邦德股份,8.96,1172000000.0,2022-06-02,汽车制造业,
300258,精锻科技,8.95,5236000000.0,2011-08-26,C 制造业,
300164,通源石油,8.95,5267000000.0,2011-01-13,B 采矿业,
603808,歌力思,8.95,3254999999.9999995,2015-04-22,,
603022,新通联,8.95,1789999999.9999998,2015-05-18,,
601360,三六零,8.95,62646000000.0,2012-01-16,,
002079,苏州固锝,8.94,8122000000.0,2006-11-16,C 制造业,
000037,深南电A,8.94,5389000000.0,1994-07-01,D 水电煤气,
601969,海南矿业,8.94,17742000000.0,2014-12-09,,
300403,汉宇集团,8.93,5385000000.0,2014-10-30,C 制造业,
002668,TCL智家,8.93,9681000000.0,2012-04-16,C 制造业,
002057,中钢天源,8.93,6731999999.999999,2006-08-02,C 制造业,
000524,岭南控股,8.93,5985000000.0,1993-11-18,L 商务服务,
920304,迪尔化工,8.93,1514000000.0,2023-04-18,化学原料和化学制品制造业,
301048,金鹰重工,8.92,4757000000.0,2021-08-18,C 制造业,
301149,隆华新材,8.91,4981000000.0,2021-11-10,C 制造业,
002301,齐心集团,8.91,6451000000.000001,2009-10-21,C 制造业,
000697,炼石航空,8.91,12439000000.0,1997-03-25,C 制造业,
600730,*ST高科,8.91,5227000000.0,1996-07-26,,
301098,金埔园林,8.9,2060000000.0000002,2021-11-12,E 建筑业,
601985,中国核电,8.9,183055000000.0,2015-06-10,,
920249,利尔达,8.9,3753000000.0,2023-02-17,批发业,
002045,国光电器,8.89,5000000000.0,2005-05-23,C 制造业,
600637,东方明珠,8.89,29887000000.0,1993-03-16,,
600348,华阳股份,8.89,32070999999.999996,2003-08-21,,
688567,孚能科技,8.88,10852000000.0,,,
603058,永吉股份,8.88,3682000000.0,2016-12-23,,
601600,中国铝业,8.88,152334000000.0,2007-04-30,,
002051,中工国际,8.87,10879000000.0,2006-06-19,E 建筑业,
001914,招商积余,8.87,9346000000.0,1994-09-28,K 房地产,
300665,飞鹿股份,8.86,2034000000.0,2017-06-13,C 制造业,
603318,水发燃气,8.86,4914000000.0,2015-04-24,,
600056,中国医药,8.86,13253000000.0,1997-05-15,,
300369,绿盟科技,8.85,7173999999.999999,2014-01-29,I 信息技术,
300254,仟源医药,8.85,2276000000.0,2011-08-19,C 制造业,
688660,电气风电,8.85,11800000000.0,,,
603708,家家悦,8.85,5649000000.0,2016-12-13,,
603676,卫信康,8.85,3851000000.0,2017-07-21,,
920834,三维装备,8.85,1061999999.9999999,2022-08-22,通用设备制造业,
000409,云鼎科技,8.84,5991000000.0,1996-06-27,I 信息技术,
300509,新美星,8.83,2617000000.0,2016-04-25,C 制造业,
605055,迎丰股份,8.83,3885000000.0,2021-01-29,,
601666,平煤股份,8.83,21804000000.0,2006-11-23,,
600058,五矿发展,8.83,9465000000.0,1997-05-28,,
601369,陕鼓动力,8.82,15186000000.000002,2010-04-28,,
600644,乐山电力,8.82,5101000000.0,1993-04-26,,
600095,湘财股份,8.82,25218000000.0,1997-07-08,,
000856,冀东装备,8.81,2000000000.0,1998-08-13,C 制造业,
600452,涪陵电力,8.81,13537000000.0,2004-03-03,,
300410,正业科技,8.79,3227000000.0000005,2014-12-31,C 制造业,
300125,聆达股份,8.79,5853000000.0,2010-10-13,C 制造业,
002584,西陇科学,8.79,5144000000.0,2011-06-02,C 制造业,
002960,青鸟智控,8.78,9252000000.0,2019-08-09,C 制造业,
002905,金逸影视,8.78,3304000000.0,2017-10-16,R 文化传播,
002565,顺灏股份,8.78,9307000000.0,2011-03-18,C 制造业,
000592,平潭发展,8.78,16961000000.000002,1996-03-27,C 制造业,
688022,ST瀚川,8.78,1497000000.0,,,
600642,申能股份,8.78,42970000000.0,1993-04-16,,
300978,东箭科技,8.77,3707000000.0,2021-04-26,C 制造业,
600072,中船科技,8.77,13161000000.000002,1997-06-03,,
603135,中重科技,8.76,5556000000.0,2023-04-10,,
600461,洪城环境,8.76,11544000000.0,2004-06-01,,
002328,新朋股份,8.75,6753000000.0,2009-12-30,C 制造业,
603398,*ST沐邦,8.75,3794000000.0,2015-12-09,,
920415,恒拓开源,8.75,1229000000.0,2020-07-27,软件和信息技术服务业,
920010,凯添燃气,8.75,2052000000.0,2020-07-27,燃气生产和供应业,
300682,朗新科技,8.74,9424000000.0,2017-08-01,I 信息技术,
002292,奥飞娱乐,8.73,12909000000.0,2009-09-10,C 制造业,
603291,联合水务,8.72,3690000000.0,2023-03-27,,
600419,天润乳业,8.72,2751000000.0,2001-06-28,,
600958,东方证券,8.71,74006000000.0,2015-03-23,,
600663,陆家嘴,8.71,43856000000.0,1993-06-28,,
920191,瑞尔竞达,8.71,1545000000.0,2026-04-20,非金属矿物制品业,
002253,川大智胜,8.7,1963000000.0,2008-06-23,I 信息技术,
605166,聚合顺,8.7,2738000000.0,2020-06-18,,
603429,*ST集友,8.7,4563000000.0,2017-01-24,,
603012,创力集团,8.7,5625000000.0,2015-03-20,,
601825,XD沪农商,8.7,83907000000.0,2021-08-19,,
000998,隆平高科,8.68,12755000000.0,2000-12-11,A 农林牧渔,
603105,芯能科技,8.68,4340000000.0,2018-07-09,,
000039,中集集团,8.66,46699000000.0,1994-04-08,C 制造业,
300805,电声股份,8.65,3671000000.0,2019-11-21,L 商务服务,
603887,城地香江,8.65,5208000000.0,2016-10-10,,
603053,成都燃气,8.65,7689000000.0,2019-12-17,,
300444,双杰电气,8.64,6952000000.0,2015-04-23,C 制造业,
603299,苏盐井神,8.64,8248999999.999999,2015-12-31,,
002892,科力尔,8.63,7286000000.0,2017-08-17,C 制造业,
603809,豪能股份,8.63,7942000000.0,2017-11-28,,
002758,浙农股份,8.62,4472000000.0,2015-05-27,F 批发零售,
688701,卓锦股份,8.62,1157000000.0,,,
600630,龙头股份,8.62,3661999999.9999995,1993-02-09,,
600623,华谊集团,8.62,18270000000.0,1992-12-04,,
600577,精达股份,8.62,19238000000.0,2002-09-11,,
002706,良信股份,8.61,9670000000.0,2014-01-21,C 制造业,
002332,仙琚制药,8.61,8517000000.0,2010-01-12,C 制造业,
600039,四川路桥,8.61,74869000000.0,2003-03-25,,
300334,津膜科技,8.6,2598000000.0,2012-07-05,C 制造业,
920810,春光智能,8.6,825000000.0,2022-12-16,通用设备制造业,
688469,芯联集成-U,8.59,72007000000.0,,,
301370,国科恒泰,8.58,4038000000.0000005,2023-07-12,F 批发零售,
000779,甘咨询,8.58,3988000000.0000005,1997-05-28,M 科研服务,
002298,中电鑫龙,8.56,6335000000.0,2009-09-29,C 制造业,
300340,科恒股份,8.55,2356000000.0,2012-07-26,C 制造业,
002950,奥美医疗,8.55,5414000000.0,2019-03-11,C 制造业,
600128,苏豪弘业,8.55,2152000000.0,1997-09-01,,
002101,广东鸿图,8.54,5661000000.0,2006-12-29,C 制造业,
601456,国联民生,8.53,48455000000.0,2020-07-31,,
920826,盖世食品,8.53,1199000000.0,2021-01-12,农副食品加工业,
000989,九芝堂,8.52,7293000000.000001,2000-06-28,C 制造业,
000795,英洛华,8.52,9510000000.0,1997-08-08,C 制造业,
688238,和元生物,8.52,5530000000.0,,,
603869,ST智知,8.52,4163000000.0000005,2015-03-26,,
601519,大智慧,8.52,16947999999.999998,2011-01-28,,
920108,宏海科技,8.52,1467000000.0,2025-02-06,电气机械和器材制造业,
300485,赛升药业,8.51,4099000000.0,2015-06-26,C 制造业,
920014,特瑞斯,8.51,1036999999.9999999,2022-12-13,专用设备制造业,
301058,中粮科工,8.5,4427000000.0,2021-09-09,M 科研服务,
300411,金盾股份,8.5,3454999999.9999995,2014-12-31,C 制造业,
300063,天龙集团,8.5,6447000000.0,2010-03-26,L 商务服务,
600848,上海临港,8.5,21441000000.0,1994-03-24,,
002809,红墙股份,8.49,2039999999.9999998,2016-08-23,C 制造业,
688571,杭华股份,8.49,3601000000.0,,,
600830,香溢融通,8.49,3857000000.0,1994-02-24,,
002345,潮宏基,8.47,7526000000.000001,2010-01-28,C 制造业,
603520,司太立,8.47,3713000000.0000005,2016-03-09,,
920665,科强股份,8.47,1101000000.0,2023-09-26,橡胶和塑料制品业,
002349,精华制药,8.46,7031000000.0,2010-02-03,C 制造业,
002286,保龄宝,8.46,3215000000.0,2009-08-28,C 制造业,
688089,ST嘉必优,8.46,1407000000.0,,,
605136,丽人丽妆,8.46,3388000000.0000005,2020-09-29,,
600971,恒源煤电,8.46,10152000000.0,2004-08-17,,
002749,国光股份,8.44,4697000000.0,2015-03-20,C 制造业,
002238,天威视讯,8.43,6766000000.0,2008-05-26,I 信息技术,
600153,建发股份,8.43,24443000000.0,1998-06-16,,
300134,大富科技,8.42,6462000000.0,2010-10-26,C 制造业,
601022,宁波远洋,8.42,12243000000.0,2022-12-08,,
300200,高盟新材,8.41,3624000000.0,2011-04-07,C 制造业,
002098,浔兴股份,8.41,3011000000.0,2006-12-22,C 制造业,
920149,旭杰科技,8.41,643000000.0,2020-07-27,专业技术服务业,
002410,广联达,8.4,13876000000.0,2010-05-25,I 信息技术,
300798,锦鸡股份,8.38,4133000000.0,2019-11-22,C 制造业,
002873,新天药业,8.38,2046000000.0,2017-05-19,C 制造业,
600590,泰豪科技,8.38,7147000000.0,2002-07-03,,
688098,申联生物,8.37,3436999999.9999995,,,
600843,上工申贝,8.37,5969000000.0,1994-03-11,,
300320,海达股份,8.36,5026000000.0,2012-06-01,C 制造业,
688505,复旦张江,8.36,8666000000.0,,,
603778,国晟科技,8.36,5518000000.0,2015-12-31,,
601108,财通证券,8.36,38822000000.0,2017-10-24,,
300536,农尚环境,8.35,2449000000.0,2016-09-20,E 建筑业,
002739,儒意电影,8.35,17633000000.0,2015-01-22,R 文化传播,
601512,中新集团,8.34,12501000000.0,2019-12-20,,
002614,奥佳华,8.33,5196000000.0,2011-09-09,C 制造业,
002244,滨江集团,8.32,25887000000.0,2008-05-29,K 房地产,
688472,阿特斯,8.32,30311000000.0,,,
600838,上海九百,8.31,3331000000.0,1994-02-24,,
002429,兆驰股份,8.3,37574000000.0,2010-06-10,C 制造业,
002383,合众思壮,8.3,6145000000.0,2010-04-02,C 制造业,
002052,同洲电子,8.3,6245000000.0,2006-06-27,C 制造业,
002909,集泰股份,8.29,3233000000.0,2017-10-26,C 制造业,
002176,江特电机,8.29,14112000000.0,2007-10-12,C 制造业,
600177,雅戈尔,8.29,38328000000.0,1998-11-19,,
300051,琏升科技,8.28,3080000000.0,2010-02-11,I 信息技术,
300009,安科生物,8.28,13833000000.000002,2009-10-30,C 制造业,
002033,丽江股份,8.28,4550000000.0,2004-08-25,N 公共环保,
000783,长江证券,8.28,45789000000.0,1997-07-31,J 金融业,
601777,千里科技,8.28,37435000000.0,2010-11-25,,
920402,硅烷科技,8.28,3495000000.0000005,2022-09-28,化学原料和化学制品制造业,
000576,甘化科工,8.27,3609000000.0000005,1994-09-07,C 制造业,
603327,福蓉科技,8.27,8646000000.0,2019-05-23,,
603222,济民健康,8.27,4342000000.0,2015-02-17,,
600416,湘电股份,8.27,12205000000.0,2002-07-18,,
002998,优彩资源,8.26,2931000000.0,2020-09-25,C 制造业,
601928,凤凰传媒,8.26,21021000000.0,2011-11-30,,
000042,中洲控股,8.25,5485000000.0,1994-09-21,K 房地产,
600613,神奇制药,8.25,4406000000.0,1992-08-20,,
002926,华西证券,8.23,21604000000.0,2018-02-05,J 金融业,
688459,哈铁科技,8.23,3950000000.0,,,
300231,银信科技,8.22,3656000000.0,2011-06-15,I 信息技术,
300103,达刚控股,8.22,2611000000.0,2010-08-12,C 制造业,
600420,国药现代,8.22,11024000000.0,2004-06-16,,
002312,川发龙蟒,8.21,15497999999.999998,2009-12-03,C 制造业,
000782,恒申新材,8.21,5637000000.0,1997-06-19,C 制造业,
300248,新开普,8.2,3906000000.0,2011-07-29,I 信息技术,
920260,中寰股份,8.2,849000000.0,2021-11-15,仪器仪表制造业,
002300,太阳电缆,8.19,5916000000.0,2009-10-21,C 制造业,
300527,ST应急,8.18,8317000000.0,2016-08-05,C 制造业,
002372,伟星新材,8.17,13007000000.0,2010-03-18,C 制造业,
601555,东吴证券,8.17,40594000000.0,2011-12-12,,
600706,曲江文旅,8.17,2084000000.0,1996-05-16,,
002441,众业达,8.16,4443000000.0,2010-07-06,F 批发零售,
002461,珠江啤酒,8.15,18039000000.0,2010-08-18,C 制造业,
002446,盛路通信,8.15,7461000000.0,2010-07-13,C 制造业,
000967,盈峰环境,8.15,27377000000.0,2000-03-30,C 制造业,
603779,威龙股份,8.15,2706000000.0,2016-05-16,,
603229,奥翔药业,8.15,6767000000.0,2017-05-09,,
600463,空港股份,8.15,2445000000.0,2004-03-18,,
002644,佛慈制药,8.14,4157000000.0,2011-12-22,C 制造业,
600664,哈药股份,8.14,20501000000.0,1993-06-29,,
002651,利君股份,8.13,8402000000.0,2012-01-06,C 制造业,
002264,新 华 都,8.13,5852000000.0,2008-07-31,I 信息技术,
601398,工商银行,8.13,2897583000000.0,2006-10-27,,
600826,兰生股份,8.12,5880000000.0,1994-02-04,,
600883,博闻科技,8.11,1914999999.9999998,1995-12-08,,
600851,海欣股份,8.11,9789000000.0,1994-04-04,,
600109,国金证券,8.1,29833999999.999996,1997-08-07,,
002852,道道全,8.09,2783000000.0,2017-03-10,C 制造业,
002458,益生股份,8.09,11578000000.0,2010-08-10,A 农林牧渔,
603980,吉华集团,8.09,5476000000.0,2017-06-15,,
300225,金力泰,8.08,3840999999.9999995,2011-05-31,C 制造业,
600299,安迪苏,8.08,24885000000.0,2000-04-20,,
601319,中国人保,8.07,356888000000.0,2018-11-16,,
000848,承德露露,8.06,8220999999.999999,1997-11-13,C 制造业,
605377,华旺科技,8.06,4487000000.0,2020-12-28,,
603167,渤海轮渡,8.06,3781000000.0,2012-09-06,,
300603,立昂技术,8.05,3742000000.0,2017-01-26,I 信息技术,
002088,鲁阳节能,8.05,4101000000.0,2006-11-30,C 制造业,
600422,昆药集团,8.04,6086000000.0,2000-12-06,,
002583,海能达,8.03,14604000000.0,2011-05-27,C 制造业,
601330,绿色动力,8.03,11486000000.0,2018-06-11,,
600548,深高速,8.03,20379000000.0,2001-12-25,,
600222,太龙药业,8.03,4492000000.0,1999-11-05,,
920445,龙竹科技,8.03,1190000000.0,2020-07-27,家具制造业,
301301,川宁生物,8.02,17903000000.0,2022-12-27,C 制造业,
002783,凯龙股份,8.02,4004999999.9999995,2015-12-09,C 制造业,
600283,钱江水利,8.02,4498000000.0,2000-10-18,,
002283,天润工业,8.01,9127000000.0,2009-08-21,C 制造业,
300830,金现代,7.99,3609000000.0000005,2020-05-06,I 信息技术,
300002,神州泰岳,7.98,15697999999.999998,2009-10-30,I 信息技术,
002137,实益达,7.98,4608000000.0,2007-06-13,C 制造业,
002278,神开股份,7.96,3093000000.0,2009-08-11,C 制造业,
300597,吉大通信,7.95,2167000000.0,2017-01-23,I 信息技术,
300494,盛天网络,7.94,3895000000.0000005,2015-12-31,I 信息技术,
002795,永和智控,7.94,3507000000.0,2016-04-28,C 制造业,
002117,东港股份,7.94,4158000000.0,2007-03-02,C 制造业,
000731,四川美丰,7.94,4358000000.0,1997-06-17,C 制造业,
603636,南威软件,7.94,4608000000.0,2014-12-30,,
000925,众合科技,7.93,5362000000.0,1999-06-11,C 制造业,
000670,盈方微,7.93,6708000000.0,1996-12-17,F 批发零售,
300420,五洋自控,7.92,8842000000.0,2015-02-17,C 制造业,
300193,佳士科技,7.92,3772000000.0,2011-03-22,C 制造业,
688579,地纬智能,7.92,3168000000.0,,,
920198,微创光电,7.92,1278000000.0,2020-07-27,计算机、通信和其他电子设备制造业,
300015,爱尔眼科,7.91,73560000000.0,2009-10-30,Q 卫生,
000978,桂林旅游,7.91,3703000000.0,2000-05-18,N 公共环保,
603488,展鹏科技,7.91,2310000000.0,2017-05-16,,
300056,中创环保,7.9,3045000000.0,2010-02-26,C 制造业,
600718,东软集团,7.9,9452000000.0,1996-06-18,,
002342,巨力索具,7.89,7573999999.999999,2010-01-26,C 制造业,
000096,广聚能源,7.89,4165999999.9999995,2000-07-24,F 批发零售,
600133,东湖高新,7.89,8413000000.0,1998-02-12,,
300824,北鼎股份,7.88,2572000000.0,2020-06-19,C 制造业,
605158,华达新材,7.88,4029999999.9999995,2020-08-05,,
300543,朗科智能,7.87,2411000000.0,2016-09-08,C 制造业,
300022,吉峰科技,7.87,3890000000.0,2009-10-30,F 批发零售,
603033,三维股份,7.87,8115000000.000001,2016-12-07,,
600218,全柴动力,7.87,3428000000.0,1998-12-03,,
920021,流金科技,7.87,2432000000.0,2020-07-27,电信、广播电视和卫星传输服务,
300004,南风股份,7.86,3772999999.9999995,2009-10-30,C 制造业,
300426,华智数媒,7.85,3536000000.0,2015-02-17,R 文化传播,
688556,高测股份,7.85,6522000000.0,,,
920414,欧普泰,7.85,626000000.0,2022-12-12,专用设备制造业,
920158,长江能科,7.85,1567000000.0,2025-10-16,专用设备制造业,
002660,茂硕电源,7.83,2792000000.0,2012-03-16,C 制造业,
920082,方正阀门,7.83,1593000000.0,2024-12-26,通用设备制造业,
600909,华安证券,7.82,39289000000.0,2016-12-06,,
300143,盈康生命,7.81,7598999999.999999,2010-12-09,Q 卫生,
002609,捷顺科技,7.81,5025000000.0,2011-08-15,I 信息技术,
603825,ST华扬,7.81,1979000000.0,2017-08-02,,
603759,海天股份,7.81,3606000000.0,2021-03-26,,
601827,三峰环境,7.81,13058000000.000002,2020-06-05,,
600480,凌云股份,7.81,9546000000.0,2003-08-15,,
920720,吉冈精密,7.81,2069000000.0000002,2021-11-24,汽车制造业,
600101,明星电力,7.8,4272999999.9999995,1997-06-27,,
600742,富维股份,7.79,5788000000.0,1996-08-26,,
002235,安妮股份,7.77,4503000000.0,2008-05-16,C 制造业,
002093,国脉科技,7.77,7828000000.0,2006-12-15,I 信息技术,
001236,弘业期货,7.77,7830000000.0,2022-08-05,J 金融业,
600894,广日股份,7.77,6583000000.0,1996-03-28,,
600825,新华传媒,7.77,8119000000.0,1994-02-04,,
600551,时代出版,7.77,5268000000.0,2002-09-05,,
002939,长城证券,7.76,31307000000.0,2018-10-26,J 金融业,
002388,新亚制程,7.76,3931000000.0,2010-04-13,C 制造业,
002840,华统股份,7.75,6217000000.0,2017-01-10,C 制造业,
002234,民和股份,7.75,2704000000.0,2008-05-16,A 农林牧渔,
002123,梦网科技,7.74,6234000000.0,2007-03-28,I 信息技术,
300525,博思软件,7.73,5810000000.0,2016-07-26,I 信息技术,
600867,通化东宝,7.73,15140000000.0,1994-08-24,,
600827,百联股份,7.73,13791999999.999998,1994-02-04,,
603518,锦泓集团,7.72,2666000000.0,2014-12-03,,
688201,ST信安,7.71,2445000000.0,,,
300212,*ST易录,7.7,5543000000.0,2011-05-05,I 信息技术,
003016,欣贺股份,7.7,3238000000.0000005,2020-10-26,C 制造业,
002786,银宝山新,7.7,3815999999.9999995,2015-12-23,C 制造业,
603707,健友股份,7.7,12441000000.0,2017-07-19,,
600774,汉商集团,7.7,2225000000.0,1996-11-08,,
300162,雷曼光电,7.68,3222000000.0,2011-01-13,C 制造业,
000561,烽火电子,7.68,6636000000.0,1994-05-09,C 制造业,
600970,中材国际,7.68,20136000000.0,2005-04-12,,
600589,大位科技,7.66,11349000000.0,2001-06-12,,
600152,维科技术,7.66,4053000000.0,1998-06-09,,
000686,东北证券,7.64,17881000000.0,1997-02-27,J 金融业,
920175,东方碳素,7.64,909000000.0,2023-06-30,非金属矿物制品业,
301332,德尔玛,7.63,3522000000.0,2023-05-18,C 制造业,
300163,先锋新材,7.63,3617000000.0,2011-01-13,C 制造业,
300512,中亚股份,7.62,3118000000.0,2016-05-26,C 制造业,
002451,摩恩电气,7.62,3352000000.0000005,2010-07-20,C 制造业,
688285,高铁电气,7.62,2867000000.0,,,
600876,凯盛新能,7.62,4920000000.0,1995-10-31,,
600834,申通地铁,7.62,3638000000.0000005,1994-02-24,,
600359,新农开发,7.62,2907000000.0,1999-04-29,,
600135,乐凯胶片,7.62,4215999999.9999995,1998-01-22,,
600064,南京高科,7.62,13185000000.0,1997-05-06,,
600727,鲁北化工,7.61,4022999999.9999995,1996-07-02,,
300891,惠云钛业,7.6,3040000000.0,2020-09-17,C 制造业,
002392,北京利尔,7.6,9048000000.0,2010-04-23,C 制造业,
000910,大亚圣象,7.6,4160000000.0,1999-06-30,C 制造业,
601798,蓝科高新,7.59,2691000000.0,2011-06-22,,
920039,国义招标,7.59,1167000000.0,2021-08-18,专业技术服务业,
002100,天康生物,7.58,10349000000.0,2006-12-26,C 制造业,
603689,皖天然气,7.58,3986000000.0,2017-01-10,,
600004,白云机场,7.58,19536000000.0,2003-04-28,,
002163,海南发展,7.56,6388000000.0,2007-08-23,E 建筑业,
603326,我乐家居,7.56,2413000000.0,2017-06-16,,
601328,交通银行,7.56,668030000000.0,2007-05-15,,
002661,克明食品,7.55,2445000000.0,2012-03-16,C 制造业,
002339,积成电子,7.55,3806000000.0,2010-01-22,C 制造业,
600860,京城股份,7.55,4120000000.0000005,1994-05-06,,
002588,史丹利,7.54,8685000000.0,2011-06-10,C 制造业,
603966,法兰泰克,7.54,3924000000.0,2017-01-25,,
601921,浙版传媒,7.54,16756000000.0,2021-07-23,,
600789,鲁抗医药,7.54,7881000000.0,1997-02-26,,
000017,深中华A,7.53,5190000000.0,1992-03-31,C 制造业,
002255,海陆重工,7.52,6248000000.0,2008-06-25,C 制造业,
002091,江苏国泰,7.51,12224000000.0,2006-12-08,F 批发零售,
688033,*ST天宜,7.51,4222000000.0,,,
000528,柳    工,7.5,15304000000.0,1993-11-18,C 制造业,
603987,康德莱,7.5,3276000000.0,2016-11-21,,
300663,科蓝软件,7.49,3584000000.0000005,2017-06-08,I 信息技术,
300129,泰胜风能,7.49,8305000000.0,2010-10-19,C 制造业,
000635,英 力 特,7.49,2952000000.0,1996-11-20,C 制造业,
002354,天娱数科,7.48,12376000000.0,2010-02-09,I 信息技术,
600373,中文传媒,7.48,10078000000.0,2002-03-04,,
300133,华策影视,7.47,14005000000.000002,2010-10-26,R 文化传播,
601339,百隆东方,7.47,11202000000.0,2012-06-12,,
600610,中毅达,7.47,8002000000.0,1992-08-05,,
920873,中设咨询,7.47,1146000000.0,2021-11-15,专业技术服务业,
002153,石基信息,7.46,20360000000.0,2007-08-13,I 信息技术,
002877,智能自控,7.45,2651000000.0,2017-06-05,C 制造业,
002572,索菲亚,7.45,7175000000.0,2011-04-12,C 制造业,
000821,ST京机,7.45,4640000000.0,1998-06-26,C 制造业,
300419,ST浩丰,7.44,2736000000.0,2015-01-22,I 信息技术,
002531,天顺风能,7.44,13369000000.0,2010-12-31,C 制造业,
688779,五矿新能,7.44,14353000000.0,,,
300050,世纪鼎利,7.43,4047999999.9999995,2010-01-20,I 信息技术,
300670,大烨智能,7.41,2348000000.0,2017-07-03,C 制造业,
300532,今天国际,7.41,4710000000.0,2016-08-18,I 信息技术,
688096,京源环保,7.41,1732000000.0,,,
002515,金字火腿,7.4,8959000000.0,2010-12-03,C 制造业,
000610,*ST西旅,7.4,1752000000.0,1996-09-26,L 商务服务,
603227,雪峰科技,7.4,7931000000.0,2015-05-15,,
002763,汇洁股份,7.39,3029000000.0,2015-06-10,C 制造业,
600983,惠而浦,7.39,5664000000.0,2004-07-27,,
600719,大连热电,7.39,2990000000.0,1996-07-16,,
300387,富邦科技,7.38,2132999999.9999998,2014-07-02,C 制造业,
002723,小崧股份,7.38,2407000000.0,2014-01-29,C 制造业,
603969,银龙股份,7.38,6431999999.999999,2015-02-27,,
600757,长江传媒,7.38,8957000000.0,1996-10-03,,
002546,新联电子,7.37,6147000000.0,2011-02-11,C 制造业,
002072,凯瑞德,7.36,2706000000.0,2006-10-18,F 批发零售,
600873,梅花生物,7.36,20639000000.0,1995-02-17,,
600198,大唐电信,7.36,9595000000.0,1998-10-21,,
920675,秉扬科技,7.36,1267000000.0,2020-12-28,非金属矿物制品业,
300513,恒实科技,7.35,2306000000.0,2016-05-30,I 信息技术,
000890,法尔胜,7.35,3083000000.0,1999-01-19,C 制造业,
002488,金固股份,7.34,7306999999.999999,2010-10-21,C 制造业,
600668,尖峰集团,7.34,3031000000.0,1993-07-28,,
002561,徐家汇,7.33,3048000000.0,2011-03-03,F 批发零售,
002658,雪迪龙,7.32,4654000000.0,2012-03-09,C 制造业,
605500,森林包装,7.32,3033000000.0,2020-12-22,,
001313,粤海饲料,7.31,5117000000.0,2022-02-16,C 制造业,
600241,时代万恒,7.31,2151000000.0,2000-11-28,,
000537,绿发电力,7.3,15007000000.0,1993-12-10,D 水电煤气,
603366,日出东方,7.3,5935000000.0,2012-05-21,,
601311,骆驼股份,7.3,8564000000.0,2011-06-02,,
002373,千方科技,7.29,11520000000.0,2010-03-18,I 信息技术,
000728,国元证券,7.29,31812000000.0,1997-06-16,J 金融业,
603027,千禾味业,7.29,9701000000.0,2016-03-07,,
000987,越秀资本,7.26,36424000000.0,2000-07-18,J 金融业,
603106,恒银科技,7.26,3779000000.0,2017-09-20,,
603101,汇嘉时代,7.26,3415000000.0,2016-05-06,,
600053,*ST九鼎,7.26,3148000000.0,1997-04-18,,
603028,赛福天,7.25,2080999999.9999998,2016-03-31,,
002608,江苏国信,7.24,27352999999.999996,2011-08-10,D 水电煤气,
600916,中国黄金,7.24,12163000000.0,2021-02-05,,
300307,慈星股份,7.23,5788000000.0,2012-03-29,C 制造业,
002761,浙江建投,7.23,9579000000.0,2015-06-10,E 建筑业,
603321,梅轮电梯,7.23,2516000000.0,2017-09-15,,
002724,海洋王,7.22,5570000000.0,2014-11-04,C 制造业,
601117,中国化学,7.22,44082000000.0,2010-01-07,,
920371,欧福蛋业,7.22,1483000000.0,2023-01-18,农副食品加工业,
300290,ST荣科,7.21,4612000000.0,2012-02-16,I 信息技术,
300105,龙源技术,7.21,3719000000.0,2010-08-20,C 制造业,
000006,深振业Ａ,7.21,9733000000.0,1992-04-27,K 房地产,
300120,经纬辉开,7.2,4136000000.0,2010-09-17,C 制造业,
600192,长城电工,7.2,3181000000.0,1998-12-24,,
301039,中集车辆,7.19,13475000000.0,2021-07-08,C 制造业,
002114,罗平锌电,7.19,2325000000.0,2007-02-15,C 制造业,
000608,阳光股份,7.19,5392000000.0,1996-09-19,K 房地产,
600403,大有能源,7.19,17190000000.0,2003-10-09,,
001979,招商蛇口,7.18,64735000000.0,2015-12-30,K 房地产,
002107,沃华医药,7.17,4139000000.0,2007-01-24,C 制造业,
000803,山高环能,7.17,3343000000.0,1998-03-03,N 公共环保,
000425,徐工机械,7.17,83969000000.0,1996-08-28,C 制造业,
920768,拾比佰,7.17,1114000000.0,2021-06-28,电气机械和器材制造业,
300305,裕兴股份,7.16,2688000000.0,2012-03-29,C 制造业,
000544,中原环保,7.16,6979000000.000001,1993-12-08,D 水电煤气,
603116,红蜻蜓,7.16,4126000000.0,2015-06-29,,
600579,中化装备,7.16,3534000000.0000005,2002-08-09,,
300345,华民股份,7.15,4157000000.0,2012-08-01,C 制造业,
300088,长信科技,7.15,17859000000.0,2010-05-26,C 制造业,
002490,山东墨龙,7.15,5888000000.0,2010-10-21,C 制造业,
000543,皖能电力,7.15,16208000000.000002,1993-12-20,D 水电煤气,
920786,骑士乳业,7.15,1495000000.0,2023-10-13,畜牧业,
300441,鲍斯股份,7.14,4601000000.0,2015-04-23,C 制造业,
600784,鲁银投资,7.14,4824000000.0,1996-12-25,,
600302,ST标准,7.14,2471000000.0,2000-12-13,,
300466,赛摩智能,7.13,3818000000.0,2015-05-28,C 制造业,
300281,金明精机,7.13,2987000000.0,2011-12-29,C 制造业,
300210,森远股份,7.13,3452000000.0000005,2011-04-26,C 制造业,
002267,陕天然气,7.12,7918000000.000001,2008-08-13,D 水电煤气,
920266,生物谷,7.12,883000000.0,2020-07-27,医药制造业,
002543,万和电气,7.11,5287000000.0,2011-01-28,C 制造业,
002116,中国海诚,7.11,3974000000.0,2007-02-15,E 建筑业,
600509,天富能源,7.11,9772000000.0,2002-02-28,,
000655,金岭矿业,7.1,4227000000.0000005,1996-11-28,B 采矿业,
300621,维业股份,7.09,1475000000.0,2017-03-16,E 建筑业,
000501,武商集团,7.09,5452000000.0,1992-11-20,F 批发零售,
301090,华润材料,7.08,10414000000.0,2021-10-26,C 制造业,
002646,天佑德酒,7.08,3372000000.0,2011-12-22,C 制造业,
000600,建投能源,7.08,14403000000.0,1996-06-06,D 水电煤气,
600037,歌华有线,7.07,9840000000.0,2001-02-08,,
601121,XD宝地矿,7.06,6948999999.999999,2023-03-10,,
920378,泰德股份,7.06,1098000000.0,2022-06-20,汽车制造业,
920062,科润智控,7.06,1332000000.0,2022-07-13,电气机械和器材制造业,
300396,ST迪瑞,7.05,1923000000.0,2014-09-10,C 制造业,
002054,德美化工,7.05,3399000000.0,2006-07-25,C 制造业,
002012,凯恩股份,7.05,3297000000.0,2004-07-05,C 制造业,
000791,甘肃能源,7.05,22869000000.0,1997-10-14,D 水电煤气,
000598,兴蓉环境,7.05,21036000000.0,1996-05-29,D 水电煤气,
600956,新天绿能,7.05,31727000000.0,2020-06-29,,
300636,同和药业,7.04,2956000000.0,2017-03-31,C 制造业,
000058,深 赛 格,7.04,8668000000.0,1996-12-26,L 商务服务,
002530,金财互联,7.03,5478000000.0,2010-12-31,C 制造业,
000625,长安汽车,7.03,69688000000.0,1997-06-10,C 制造业,
600158,中体产业,7.03,6745000000.0,1998-03-27,,
300887,谱尼测试,7.02,3831000000.0,2020-09-16,M 科研服务,
000705,浙江震元,7.02,2346000000.0,1997-04-10,F 批发零售,
000156,华数传媒,7.02,13008000000.000002,2000-09-06,I 信息技术,
301062,上海艾录,7.0,3033000000.0,2021-09-14,C 制造业,
002908,德生科技,7.0,3020000000.0,2017-10-20,I 信息技术,
600138,中青旅,7.0,5067000000.0,1997-12-03,,
300211,*ST亿通,6.98,2121000000.0,2011-05-05,C 制造业,
600123,兰花科创,6.98,10283000000.0,1998-12-17,,
603956,威派格,6.97,3972000000.0,2019-02-22,,
601665,齐鲁银行,6.97,42892000000.0,2021-06-18,,
600326,西藏天路,6.97,9496000000.0,2001-01-16,,
920719,宁新新材,6.97,649000000.0,2023-05-26,非金属矿物制品业,
002566,益盛药业,6.96,2303000000.0,2011-03-18,C 制造业,
002243,力合科创,6.94,8402000000.0,2008-05-28,C 制造业,
600698,湖南天雁,6.94,7416000000.0,1993-12-06,,
600199,金种子酒,6.94,4565000000.0,1998-08-12,,
002212,天融信,6.93,8173999999.999999,2008-02-01,I 信息技术,
301078,孩子王,6.92,8751000000.0,2021-10-14,F 批发零售,
000876,新 希 望,6.92,34338000000.0,1998-03-11,C 制造业,
601187,厦门银行,6.92,18263000000.0,2020-10-27,,
600791,京能置业,6.92,3134000000.0,1997-01-30,,
002511,中顺洁柔,6.91,8853000000.0,2010-11-25,C 制造业,
300253,卫宁健康,6.9,15188999999.999998,2011-08-18,I 信息技术,
002598,ST章鼓,6.9,2153000000.0,2011-07-07,C 制造业,
002363,隆基机械,6.9,2871000000.0,2010-03-05,C 制造业,
688602,康鹏科技,6.9,3584000000.0000005,,,
603839,安正时尚,6.9,2670000000.0,2017-02-14,,
002165,红 宝 丽,6.89,5066000000.0,2007-09-13,C 制造业,
002097,山河智能,6.89,7404000000.000001,2006-12-22,C 制造业,
601236,红塔证券,6.89,32336000000.0,2019-07-05,,
600814,杭州解百,6.89,5065000000.0,1994-01-14,,
002765,蓝黛科技,6.88,4487000000.0,2015-06-12,C 制造业,
002055,ST得润,6.88,4159000000.0000005,2006-07-25,C 制造业,
600986,浙文互联,6.88,10233000000.0,2004-04-26,,
300796,贝斯美,6.87,2481000000.0,2019-11-15,C 制造业,
300472,ST新元,6.87,1891000000.0,2015-06-11,C 制造业,
002387,维信诺,6.87,9596000000.0,2010-04-13,C 制造业,
603811,诚意药业,6.87,3148000000.0,2017-03-15,,
601288,农业银行,6.87,2404383000000.0,2010-07-15,,
000949,新乡化纤,6.86,11366000000.0,1999-10-21,C 制造业,
000404,长虹华意,6.86,4775000000.0,1996-06-19,C 制造业,
000968,蓝焰控股,6.85,6627000000.0,2000-06-22,B 采矿业,
600746,江苏索普,6.85,8000000000.0,1996-09-18,,
000917,电广传媒,6.84,9696000000.0,1999-03-25,I 信息技术,
000430,张家界,6.84,5538000000.0,1996-08-29,N 公共环保,
002200,交投生态,6.83,3081000000.0,2007-12-21,E 建筑业,
002120,韵达股份,6.83,19802000000.0,2007-03-06,G 运输仓储,
002037,保利联合,6.83,3304999999.9999995,2004-09-08,C 制造业,
002799,环球印务,6.82,2183000000.0,2016-06-08,C 制造业,
002753,永东股份,6.82,2924000000.0,2015-05-19,C 制造业,
600996,贵广网络,6.82,8503000000.0,2016-12-26,,
600256,广汇能源,6.82,43593000000.0,2000-05-26,,
300030,阳普医疗,6.81,2105999999.9999998,2009-12-25,C 制造业,
002642,荣联科技,6.81,4505000000.0,2011-12-20,I 信息技术,
002560,通达股份,6.8,5000000000.0,2011-03-03,C 制造业,
002331,皖通科技,6.8,2913000000.0,2010-01-06,I 信息技术,
000676,智度股份,6.8,8567000000.0,1996-12-24,L 商务服务,
000009,中国宝安,6.8,17539000000.0,1991-06-25,J 金融业,
601007,金陵饭店,6.8,2652000000.0,2007-04-06,,
600313,农发种业,6.8,7897000000.0,2001-01-19,,
002455,百川股份,6.79,4906000000.0,2010-08-03,C 制造业,
603617,君禾股份,6.79,2647000000.0,2017-07-03,,
600901,江苏金租,6.79,39327000000.0,2018-03-01,,
600490,鹏欣资源,6.79,15026000000.0,2003-06-26,,
600318,新力金融,6.79,3481000000.0,2000-12-08,,
000019,深粮控股,6.78,7814000000.0,1992-10-12,F 批发零售,
600232,金鹰股份,6.78,2473000000.0,2000-06-02,,
002320,海峡股份,6.76,15121000000.0,2009-12-16,G 运输仓储,
002141,贤丰控股,6.76,6983000000.0,2007-07-20,C 制造业,
000503,国新健康,6.76,6620000000.0,1992-11-30,I 信息技术,
601999,出版传媒,6.76,3724000000.0,2007-12-21,,
920717,瑞星股份,6.76,775000000.0,2023-07-03,专用设备制造业,
300219,鸿利智汇,6.75,4779000000.0,2011-05-18,C 制造业,
002376,新北洋,6.75,5471000000.0,2010-03-23,C 制造业,
601019,山东出版,6.75,14087000000.0,2017-11-22,,
600032,浙江新能,6.75,16232000000.0,2021-05-25,,
300061,旗天科技,6.74,4442000000.0,2010-03-19,L 商务服务,
601901,方正证券,6.74,55484000000.0,2011-08-10,,
601200,上海环境,6.74,9074000000.0,2017-03-31,,
600676,久事动娱,6.74,6931999999.999999,1993-09-28,,
600528,中铁工业,6.74,14972999999.999998,2001-05-28,,
600011,华能国际,6.74,105805000000.0,2001-12-06,,
301558,三态股份,6.73,5320000000.0,2023-09-28,F 批发零售,
300449,汉邦高科,6.73,2598000000.0,2015-04-22,C 制造业,
002817,黄山胶囊,6.73,2013000000.0,2016-10-25,C 制造业,
002769,普路通,6.73,2512000000.0,2015-06-29,L 商务服务,
002233,塔牌集团,6.73,7902000000.0,2008-05-16,C 制造业,
600333,长春燃气,6.73,4099000000.0,2000-12-11,,
920809,安达科技,6.73,4032000000.0,2023-03-23,计算机、通信和其他电子设备制造业,
002478,常宝股份,6.72,6053000000.0,2010-09-21,C 制造业,
920553,凯腾精工,6.72,966000000.0,2021-08-06,专用设备制造业,
605066,天正电气,6.71,3371000000.0,2020-08-07,,
300303,聚飞光电,6.7,9493000000.0,2012-03-19,C 制造业,
002459,晶澳科技,6.7,22175000000.0,2010-08-10,C 制造业,
002456,欧菲光,6.69,23388000000.0,2010-08-03,C 制造业,
002103,广博股份,6.69,3574000000.0,2007-01-10,C 制造业,
000571,新大洲A,6.69,5614000000.0,1994-05-25,B 采矿业,
600597,光明乳业,6.69,9222000000.0,2002-08-28,,
300388,节能国祯,6.68,4549000000.0,2014-08-01,N 公共环保,
002617,露笑科技,6.68,12753000000.0,2011-09-20,C 制造业,
002166,莱茵生物,6.68,4954000000.0,2007-09-13,C 制造业,
601598,中国外运,6.68,47921000000.0,2019-01-18,,
000617,中油资本,6.67,84323000000.0,1996-10-22,J 金融业,
601065,江盐集团,6.67,4286999999.9999995,2023-04-10,,
600510,黑牡丹,6.67,6884000000.0,2002-06-18,,
600351,亚宝药业,6.67,4616000000.0,2002-09-26,,
605368,蓝天燃气,6.66,4759000000.0,2021-01-29,,
600305,恒顺醋业,6.66,7356999999.999999,2001-02-06,,
600100,同方股份,6.66,22313000000.0,1997-06-27,,
920395,朗鸿科技,6.66,1016000000.0,2022-09-01,计算机、通信和其他电子设备制造业,
002696,百洋股份,6.65,2299000000.0,2012-09-05,C 制造业,
601077,渝农商行,6.64,75410000000.0,2019-10-29,,
600195,中牧股份,6.64,6780000000.0,1999-01-07,,
601988,中国银行,6.62,2133046000000.0,2006-07-05,,
600802,福建水泥,6.62,3034000000.0,1994-01-03,,
002673,西部证券,6.61,29544000000.0,2012-05-03,J 金融业,
002538,ST司特,6.61,5642000000.0,2011-01-18,C 制造业,
601199,江南水务,6.61,6182000000.0,2011-03-17,,
600271,航天信息,6.61,12248000000.0,2003-07-11,,
920275,驱动力,6.61,1052999999.9999999,2021-01-25,农副食品加工业,
300126,锐奇股份,6.6,2005999999.9999998,2010-10-13,C 制造业,
300107,建新股份,6.6,3714000000.0,2010-08-20,C 制造业,
002798,帝欧水华,6.6,3878000000.0,2016-05-25,C 制造业,
002627,三峡旅游,6.6,4657000000.0,2011-11-03,N 公共环保,
002529,海源复材,6.59,1713000000.0,2010-12-24,C 制造业,
002449,国星光电,6.59,4076000000.0,2010-07-16,C 制造业,
300228,富瑞特装,6.58,3931000000.0,2011-06-08,C 制造业,
601990,南京证券,6.58,28950000000.0,2018-06-13,,
920455,汇隆活塞,6.58,1168000000.0,2023-06-21,通用设备制造业,
002279,久其软件,6.57,5665000000.0,2009-08-11,I 信息技术,
600839,四川长虹,6.57,30329000000.000004,1994-03-11,,
600735,ST新华锦,6.57,2817000000.0,1996-07-26,,
002065,东华软件,6.56,21028000000.0,2006-08-23,I 信息技术,
601727,上海电气,6.56,101943000000.0,2008-12-05,,
600903,贵州燃气,6.56,7636000000.0,2017-11-07,,
600736,苏州高新,6.56,7552000000.0,1996-08-15,,
300942,易瑞生物,6.55,2653000000.0,2021-02-09,C 制造业,
600278,东方创业,6.55,5636000000.0,2000-07-12,,
920729,永顺生物,6.55,1789999999.9999998,2020-07-27,医药制造业,
920556,雅达股份,6.55,1052000000.0,2023-03-17,仪器仪表制造业,
002650,ST加加,6.54,7240000000.000001,2012-01-06,C 制造业,
002161,远 望 谷,6.54,4838000000.0,2007-08-21,C 制造业,
000983,山西焦煤,6.53,37071000000.0,2000-07-26,B 采矿业,
688468,科美诊断,6.53,2619000000.0,,,
603999,读者传媒,6.53,3761000000.0,2015-12-10,,
601226,华电科工,6.53,7589000000.0,2014-12-11,,
300933,中辰股份,6.52,3567000000.0,2021-01-22,C 制造业,
600583,海油工程,6.52,28827000000.0,2002-02-05,,
001322,箭牌家居,6.51,6286000000.0,2022-10-26,C 制造业,
600797,浙大网新,6.51,6689000000.0,1997-04-18,,
002334,英威腾,6.5,5330000000.0,2010-01-13,C 制造业,
002197,证通电子,6.5,3993000000.0,2007-12-18,I 信息技术,
000089,深圳机场,6.5,13330000000.000002,1998-04-20,G 运输仓储,
603528,多伦科技,6.5,4589000000.0,2016-05-03,,
002790,瑞尔特,6.49,2712000000.0,2016-03-08,C 制造业,
000952,广济药业,6.48,2229000000.0,1999-11-12,C 制造业,
000881,中广核技,6.48,6126000000.0,1998-09-02,C 制造业,
000679,大连友谊,6.48,2309000000.0,1997-01-24,F 批发零售,
688189,ST南新,6.48,1768000000.0,,,
601118,海南橡胶,6.48,27731000000.0,2011-01-07,,
920832,齐鲁华信,6.48,899000000.0,2021-02-23,化学原料和化学制品制造业,
300591,万里马,6.47,2625000000.0,2017-01-10,C 制造业,
300427,红相股份,6.46,3285000000.0,2015-02-17,C 制造业,
002520,日发精机,6.46,4847000000.0,2010-12-10,C 制造业,
002400,省广集团,6.46,11262000000.0,2010-05-06,L 商务服务,
600493,凤竹纺织,6.46,1757000000.0,2004-04-21,,
300215,电科院,6.45,4832000000.0,2011-05-11,M 科研服务,
300213,佳讯飞鸿,6.45,3834000000.0000005,2011-05-05,C 制造业,
002406,远东传动,6.45,4710000000.0,2010-05-18,C 制造业,
002249,大洋电机,6.45,15962000000.0,2008-06-19,C 制造业,
002084,海鸥住工,6.44,4161000000.0,2006-11-24,C 制造业,
600692,亚通股份,6.44,2265000000.0,1993-11-19,,
000565,渝三峡Ａ,6.43,2788000000.0,1994-04-08,C 制造业,
603313,梦百合,6.43,3669000000.0,2016-10-13,,
300883,龙利得,6.42,2221000000.0,2020-09-10,C 制造业,
000919,金陵药业,6.42,3993000000.0,1999-11-18,C 制造业,
300640,德艺文创,6.41,1993000000.0,2017-04-17,C 制造业,
920496,许昌智能,6.41,1061000000.0,2024-01-26,电气机械和器材制造业,
002677,浙江美大,6.4,4135000000.0,2012-05-25,C 制造业,
000759,中百集团,6.39,4192000000.0,1997-05-19,F 批发零售,
301296,新巨丰,6.38,2728000000.0,2022-09-02,C 制造业,
300507,苏奥传感,6.38,5130000000.0,2016-04-29,C 制造业,
603421,鼎信通讯,6.38,4161000000.0,2016-10-11,,
300099,尤洛卡,6.37,4696000000.0,2010-08-06,C 制造业,
002591,恒大高新,6.37,1912000000.0,2011-06-21,C 制造业,
002700,万憬能源,6.36,2631000000.0,2012-09-21,D 水电煤气,
002592,ST八菱,6.36,1807000000.0,2011-11-11,C 制造业,
002550,千红制药,6.36,8140000000.000001,2011-02-18,C 制造业,
002474,榕基软件,6.36,3957000000.0,2010-09-15,I 信息技术,
000505,京粮控股,6.36,4623000000.0,1992-12-21,C 制造业,
000050,深天马Ａ,6.36,15491999999.999998,1995-03-15,C 制造业,
603900,莱绅通灵,6.36,2181000000.0,2016-11-23,,
600906,财达证券,6.36,20638000000.0,2021-05-07,,
002999,天禾股份,6.35,2207000000.0,2020-09-03,F 批发零售,
002615,哈尔斯,6.35,3554999999.9999995,2011-09-09,C 制造业,
002303,美盈森,6.35,9724000000.0,2009-11-03,C 制造业,
002227,*ST特迅,6.35,1574000000.0,2008-05-06,C 制造业,
000713,国投丰乐,6.35,5069000000.0,1997-04-22,A 农林牧渔,
600336,澳柯玛,6.35,5067000000.0,2000-12-29,,
000990,诚志股份,6.34,10786000000.0,2000-07-06,C 制造业,
300008,天海防务,6.33,10938000000.0,2009-10-30,C 制造业,
603982,泉峰汽车,6.33,2311000000.0,2019-05-22,,
603843,*ST正平,6.33,4429000000.0,2016-09-05,,
603126,中材节能,6.33,3864000000.0,2014-07-31,,
002492,恒基达鑫,6.32,2560000000.0,2010-11-02,G 运输仓储,
300057,万顺新材,6.31,6333000000.0,2010-02-26,C 制造业,
600987,航民股份,6.31,6441000000.0,2004-08-09,,
920375,派诺科技,6.31,960000000.0,2023-12-14,软件和信息技术服务业,
300195,长荣股份,6.3,2669000000.0,2011-03-29,C 制造业,
002498,汉缆股份,6.3,20959000000.0,2010-11-09,C 制造业,
603633,徕木股份,6.3,2689000000.0,2016-11-17,,
002521,齐峰新材,6.28,3517000000.0,2010-12-10,C 制造业,
600628,新世界,6.28,4061999999.9999995,1993-01-19,,
920970,大禹生物,6.28,696000000.0,2022-05-18,食品制造业,
002148,北纬科技,6.27,3503000000.0,2007-08-10,I 信息技术,
600273,嘉化能源,6.27,8222000000.0,2003-06-27,,
000554,泰山石油,6.26,2989000000.0,1993-12-15,F 批发零售,
688597,煜邦电力,6.26,2104000000.0,,,
920263,中航泰达,6.26,884000000.0,2020-07-27,生态保护和环境治理业,
300575,中旗股份,6.25,2991000000.0,2016-12-20,C 制造业,
002719,ST麦趣,6.25,1088000000.0,2014-01-28,C 制造业,
601700,风范股份,6.25,7117000000.0,2011-01-18,,
600810,神马股份,6.25,6798000000.0,1994-01-06,,
600319,亚星化学,6.25,2423000000.0,2001-03-26,,
600098,广州发展,6.25,21912000000.0,1997-07-18,,
920866,绿亨科技,6.25,1107000000.0,2022-12-09,化学原料和化学制品制造业,
300326,ST凯利,6.24,4474000000.0,2012-06-13,C 制造业,
300132,诺斯贝尔,6.24,3222999999.9999995,2010-10-26,C 制造业,
300062,中能电气,6.24,3931000000.0,2010-03-19,C 制造业,
920974,凯大催化,6.24,1022000000.0000001,2023-03-08,化学原料和化学制品制造业,
600015,华夏银行,6.23,99150000000.0,2003-09-12,,
920278,鹿得医疗,6.23,1087000000.0,2020-07-27,专用设备制造业,
300639,凯普生物,6.22,4021000000.0,2017-04-12,C 制造业,
603609,禾丰股份,6.22,5623000000.0,2014-08-08,,
600409,三友化工,6.22,12840000000.0,2003-06-18,,
600051,宁波联合,6.22,1934000000.0,1997-04-10,,
002797,第一创业,6.21,26097000000.000004,2016-05-11,J 金融业,
002686,亿利达,6.21,3515999999.9999995,2012-07-03,C 制造业,
603535,嘉诚国际,6.21,3173000000.0,2017-08-08,,
600770,综艺股份,6.21,8073000000.0,1996-11-20,,
300264,佳创视讯,6.2,2671000000.0,2011-09-16,I 信息技术,
002928,华夏航空,6.2,7925000000.0,2018-03-02,G 运输仓储,
603801,志邦家居,6.2,2693000000.0,2017-06-30,,
600210,紫江企业,6.2,9404000000.0,1999-08-24,,
002746,仙坛股份,6.19,5327000000.0,2015-02-16,C 制造业,
601139,深圳燃气,6.19,17807000000.0,2009-12-25,,
600061,国投资本,6.19,39579000000.0,1997-05-19,,
000906,浙商中拓,6.18,4386000000.0,1999-07-07,L 商务服务,
300189,神农种业,6.17,6318000000.0,2011-03-16,A 农林牧渔,
002434,万里扬,6.17,8098999999.999999,2010-06-18,C 制造业,
000027,深圳能源,6.17,29352999999.999996,1993-09-03,D 水电煤气,
601128,常熟银行,6.17,22509000000.0,2016-09-30,,
002036,联创电子,6.16,6515000000.000001,2004-09-03,C 制造业,
605138,盛泰集团,6.16,3422000000.0,2021-10-27,,
603817,海峡环保,6.16,3511999999.9999995,2017-02-20,,
601728,中国电信,6.16,563684000000.0,2021-08-20,,
300177,中海达,6.15,4577000000.0,2011-02-15,C 制造业,
002752,昇兴股份,6.15,6008000000.0,2015-04-22,C 制造业,
300044,*ST赛为,6.14,4690000000.0,2010-01-20,I 信息技术,
002327,富安娜,6.14,5120000000.0,2009-12-30,C 制造业,
000721,西安饮食,6.13,3518000000.0,1997-04-30,H 住宿餐饮,
603335,迪生力,6.13,2625000000.0,2017-06-20,,
002340,格林美,6.12,31226000000.0,2010-01-22,C 制造业,
002022,科华生物,6.12,3252000000.0000005,2004-07-21,C 制造业,
300279,和晶科技,6.11,2988000000.0,2011-12-29,C 制造业,
300240,飞力达,6.1,2267000000.0,2011-07-06,G 运输仓储,
603828,*ST利达,6.1,3635000000.0,2015-02-26,,
600215,派斯林,6.1,2787000000.0,1999-09-09,,
600057,厦门象屿,6.1,17318000000.0,1997-06-04,,
000153,丰原药业,6.09,2830000000.0,2000-09-20,C 制造业,
603111,康尼机电,6.09,5250000000.0,2014-08-01,,
600780,通宝能源,6.09,6981999999.999999,1996-12-05,,
002420,毅昌科技,6.08,2499000000.0,2010-06-01,C 制造业,
000663,永安林业,6.08,2045000000.0,1996-12-06,A 农林牧渔,
600744,华银电力,6.08,12349000000.0,1996-09-05,,
000726,鲁  泰Ａ,6.07,4962000000.0,2000-12-25,C 制造业,
600212,绿能慧充,6.07,4274000000.0,1999-08-17,,
002105,信隆健康,6.06,2219000000.0,2007-01-12,C 制造业,
600126,杭钢股份,6.06,20466000000.0,1998-03-11,,
300245,ST天玑,6.05,1846000000.0,2011-07-19,I 信息技术,
002282,博深股份,6.05,3187000000.0,2009-08-21,C 制造业,
000908,石药景峰,6.05,10645000000.0,1999-02-03,C 制造业,
605388,均瑶健康,6.05,3633000000.0,2020-08-18,,
600468,百利电气,6.05,6581000000.0,2001-06-15,,
600116,三峡水利,6.05,11568000000.0,1997-08-04,,
002948,青岛银行,6.04,35155000000.0,2019-01-16,J 金融业,
000157,中联重科,6.04,52237000000.0,2000-10-12,C 制造业,
002469,三维化学,6.03,3913000000.0000005,2010-09-08,C 制造业,
603889,新澳股份,6.03,5724000000.0,2014-12-31,,
002483,润邦股份,6.02,5337000000.0,2010-09-29,C 制造业,
000953,中哲精化,6.02,2204000000.0,1999-12-02,C 制造业,
603169,兰石重装,6.02,7864000000.0,2014-10-09,,
601107,四川成渝,6.02,18410000000.0,2009-07-27,,
600755,厦门国贸,6.02,12836000000.000002,1996-10-03,,
002195,岩山科技,6.01,34056000000.0,2007-12-12,I 信息技术,
002135,东南网架,6.0,6693000000.000001,2007-05-30,C 制造业,
000601,韶能股份,6.0,6385000000.0,1996-08-30,D 水电煤气,
600929,雪天盐业,6.0,9841000000.0,2018-03-26,,
300393,中来股份,5.98,6516000000.0,2014-09-12,C 制造业,
601186,中国铁建,5.98,81206000000.0,2008-03-10,,
002367,康力电梯,5.97,4763000000.0,2010-03-12,C 制造业,
601766,中国中车,5.97,171332000000.0,2008-08-18,,
920639,晨光电缆,5.96,1202000000.0,2022-07-12,电气机械和器材制造业,
002405,四维图新,5.95,14102000000.000002,2010-05-18,I 信息技术,
002386,天原股份,5.95,7745000000.0,2010-04-09,C 制造业,
002382,蓝帆医疗,5.95,5995000000.0,2010-04-02,C 制造业,
002274,华昌化工,5.95,5667000000.0,2008-09-25,C 制造业,
000605,渤海股份,5.95,2098000000.0,1996-09-13,D 水电煤气,
000061,农 产 品,5.95,11811000000.0,1997-01-10,L 商务服务,
000060,中金岭南,5.95,26425000000.0,1997-01-23,C 制造业,
603357,设计总院,5.95,3335000000.0,2017-08-01,,
300289,利德曼,5.94,3231000000.0,2012-02-16,C 制造业,
002872,ST天圣,5.94,1889000000.0,2017-05-19,C 制造业,
600155,华创云信,5.94,12968000000.0,1998-09-18,,
603717,天域生物,5.93,1721000000.0,2017-03-27,,
300276,三丰智能,5.9,8266000000.0,2011-11-15,C 制造业,
002519,银河电子,5.9,6645999999.999999,2010-12-07,C 制造业,
000567,海德股份,5.9,11532000000.0,1994-05-25,J 金融业,
603669,灵康药业,5.9,4203000000.0,2015-05-28,,
000630,铜陵有色,5.89,78982000000.0,1996-11-20,C 制造业,
600973,宝胜股份,5.89,8077000000.0,2004-08-02,,
600731,湖南海利,5.89,3261999999.9999995,1996-08-02,,
002996,顺博合金,5.88,3936000000.0,2020-08-28,C 制造业,
002485,ST雪发,5.88,3199000000.0,2010-10-15,L 商务服务,
002404,嘉欣丝绸,5.88,3293000000.0,2010-05-11,C 制造业,
688148,芳源股份,5.88,3000000000.0,,,
601222,林洋能源,5.88,12002000000.0,2011-08-08,,
600561,江西长运,5.88,1673000000.0,2002-07-16,,
601377,兴业证券,5.87,50693000000.0,2010-10-13,,
000800,一汽解放,5.86,28839000000.0,1997-06-18,C 制造业,
688373,盟科药业-U,5.86,3845000000.0000005,,,
600235,民丰特纸,5.86,2059000000.0,2000-06-15,,
300272,开能健康,5.85,3577000000.0000005,2011-11-02,C 制造业,
300025,华星创业,5.85,2976000000.0,2009-10-30,I 信息技术,
000725,京东方Ａ,5.85,216709000000.0,2001-01-12,C 制造业,
000417,合百集团,5.85,4562000000.0,1996-08-12,F 批发零售,
603789,ST星农,5.85,1552000000.0,2015-04-27,,
603168,莎普爱思,5.85,2179000000.0,2014-07-02,,
300011,鼎汉技术,5.84,3536000000.0,2009-10-30,C 制造业,
002347,泰尔股份,5.84,2947000000.0,2010-01-28,C 制造业,
605001,威奥股份,5.84,2294000000.0,2020-05-22,,
600595,中孚实业,5.84,23406000000.0,2002-06-26,,
600019,宝钢股份,5.84,127207000000.0,2000-12-12,,
002479,富春环保,5.83,5043000000.0,2010-09-21,D 水电煤气,
603086,先达股份,5.83,2535000000.0,2017-05-11,,
600908,无锡银行,5.83,12795000000.0,2016-09-23,,
920146,华阳变速,5.83,787000000.0,2021-07-20,汽车制造业,
300311,任子行,5.82,3921000000.0,2012-04-25,I 信息技术,
002099,海翔药业,5.82,9421000000.0,2006-12-26,C 制造业,
600229,城市传媒,5.82,3845000000.0000005,2000-03-09,,
603569,长久物流,5.81,3506000000.0,2016-08-10,,
601111,中国国航,5.81,119061999999.99998,2006-08-18,,
300405,科隆股份,5.8,1648999999.9999998,2014-10-30,C 制造业,
003037,三和管桩,5.8,3475000000.0,2021-02-04,C 制造业,
000758,中色股份,5.8,11541000000.0,1997-04-16,B 采矿业,
601800,中国交建,5.8,94040000000.0,2012-03-09,,
601212,白银有色,5.79,42874000000.0,2017-02-15,,
920469,富恒新材,5.79,816000000.0,2023-09-18,橡胶和塑料制品业,
300291,百纳千成,5.78,5444000000.0,2012-02-09,R 文化传播,
001330,博纳影业,5.78,7945000000.0,2022-08-18,R 文化传播,
600226,亨通股份,5.78,17192000000.0,1999-11-16,,
600173,卧龙新能,5.78,4049000000.0,1999-04-15,,
002687,乔治白,5.77,2913000000.0,2012-07-13,C 制造业,
600821,金开新能,5.77,11351000000.0,1994-01-28,,
920682,球冠电缆,5.77,2247000000.0,2020-07-27,电气机械和器材制造业,
002516,旷达科技,5.76,8472000000.0,2010-12-07,C 制造业,
605199,ST葫芦娃,5.76,2305000000.0,2020-07-10,,
601678,滨化股份,5.76,13876000000.0,2010-02-23,,
600682,南京新百,5.76,7748000000.0,1993-10-18,,
600778,友好集团,5.75,1791000000.0,1996-12-03,,
300732,设研院,5.74,2127000000.0,2017-12-12,M 科研服务,
300055,万邦达,5.73,4795000000.0,2010-02-26,C 制造业,
002528,*ST英飞,5.73,6868000000.000001,2010-12-24,C 制造业,
300169,天晟新材,5.72,1942000000.0000002,2011-01-25,C 制造业,
002620,*ST瑞和,5.72,2159000000.0,2011-09-29,E 建筑业,
002343,慈文传媒,5.72,2709000000.0,2010-01-26,R 文化传播,
600358,国旅联合,5.72,6653000000.0,2000-09-22,,
600107,*ST尔雅,5.72,2059000000.0,1997-11-06,,
300241,瑞丰光电,5.71,4096000000.0,2011-07-12,C 制造业,
002221,东华能源,5.71,9000000000.0,2008-03-06,F 批发零售,
601949,中国出版,5.71,10872000000.0,2017-08-21,,
600864,哈投股份,5.7,11859000000.0,1994-08-09,,
600792,云煤能源,5.7,6327000000.0,1997-01-23,,
600488,津药药业,5.7,6224000000.0,2001-06-18,,
300271,华宇软件,5.69,4619000000.0,2011-10-26,I 信息技术,
300144,宋城演艺,5.69,14844000000.0,2010-12-09,R 文化传播,
000702,正虹科技,5.69,1972000000.0,1997-03-18,C 制造业,
000421,南京公用,5.69,3268000000.0,1996-08-06,D 水电煤气,
603385,惠达卫浴,5.69,2166000000.0,2017-04-05,,
300381,溢多利,5.68,2727000000.0,2014-01-28,C 制造业,
600678,ST金顶,5.68,1982000000.0,1993-10-08,,
002073,软控股份,5.67,5809000000.0,2006-10-18,C 制造业,
002030,达安基因,5.67,7958000000.0,2004-08-09,C 制造业,
600398,海澜之家,5.66,27183999999.999996,2000-12-28,,
002510,天汽模,5.65,5736000000.0,2010-11-25,C 制造业,
002038,双鹭药业,5.65,5805000000.0,2004-09-09,C 制造业,
000498,山东路桥,5.65,8771000000.0,1997-06-09,E 建筑业,
600819,耀皮玻璃,5.65,5519000000.0,1994-01-28,,
600328,中盐化工,5.65,8284999999.999999,2000-12-22,,
000735,罗 牛 山,5.64,6495000000.0,1997-06-11,A 农林牧渔,
600382,广东明珠,5.64,3657000000.0,2001-01-18,,
300040,九洲集团,5.63,3622000000.0,2010-01-08,D 水电煤气,
600841,动力新科,5.63,7813000000.0,1994-03-11,,
300147,*ST香雪,5.62,3715999999.9999995,2010-12-15,C 制造业,
002537,海联金汇,5.62,6595000000.0,2011-01-10,C 制造业,
300087,ST荃银,5.61,5315000000.0,2010-05-26,A 农林牧渔,
600470,六国化工,5.61,2926000000.0,2004-03-05,,
920781,瑞奇智造,5.61,867000000.0,2022-12-26,专用设备制造业,
000059,华锦股份,5.6,8957000000.0,1997-01-30,C 制造业,
603616,韩建河山,5.6,2168000000.0,2015-06-11,,
600223,福瑞达,5.6,5693000000.0,2000-01-13,,
002522,浙江众成,5.59,5063000000.0,2010-12-10,C 制造业,
002188,中天服务,5.59,1829000000.0,2007-11-22,K 房地产,
300448,浩云科技,5.58,3775000000.0,2015-04-24,I 信息技术,
002599,盛通股份,5.58,3017000000.0,2011-07-15,C 制造业,
002366,融发核电,5.58,11612000000.0,2010-03-12,C 制造业,
600712,南宁百货,5.57,3034000000.0,1996-06-26,,
002369,卓翼科技,5.56,3152000000.0,2010-03-16,C 制造业,
600048,保利发展,5.56,66555999999.99999,2006-07-31,,
301175,中科环保,5.55,8169000000.0,2022-07-08,N 公共环保,
002702,海欣食品,5.55,3084000000.0,2012-10-11,C 制造业,
002381,双箭股份,5.55,2284000000.0,2010-04-02,C 制造业,
600500,中化国际,5.55,19915000000.0,2000-03-01,,
000683,博源化工,5.54,20591000000.0,1997-01-31,C 制造业,
000531,穗恒运Ａ,5.54,5769000000.0,1994-01-06,D 水电煤气,
600063,皖维高新,5.54,11463000000.0,1997-05-28,,
601801,皖新传媒,5.53,10827000000.0,2010-01-18,,
600163,中闽能源,5.53,10524000000.0,1998-06-02,,
002471,中超控股,5.52,7556000000.0,2010-09-10,C 制造业,
600167,联美控股,5.51,12468000000.0,1999-01-28,,
002360,ST同德,5.5,2210000000.0,2010-03-03,C 制造业,
601997,贵阳银行,5.5,20109000000.0,2016-08-16,,
601218,吉鑫科技,5.5,5330000000.0,2011-05-06,,
000595,新能股份,5.49,6251000000.0,1996-04-19,C 制造业,
601169,北京银行,5.49,116075000000.0,2007-09-19,,
600006,东风股份,5.49,10980000000.0,1999-07-27,,
002685,华东重机,5.48,5522000000.0,2012-06-12,C 制造业,
600257,大湖股份,5.48,2637000000.0,2000-06-12,,
002333,罗普斯金,5.47,3692000000.0,2010-01-12,C 制造业,
000701,厦门信达,5.46,3649000000.0,1997-02-26,F 批发零售,
000553,安道麦A,5.46,12721000000.0,1993-12-03,C 制造业,
000159,国际实业,5.46,2625000000.0,2000-09-26,F 批发零售,
300366,ST创意,5.45,3311000000.0,2014-01-27,I 信息技术,
300006,莱美药业,5.45,5755000000.0,2009-10-30,C 制造业,
002291,遥望科技,5.45,5056000000.0,2009-09-03,I 信息技术,
000936,华西股份,5.45,4829000000.0,1999-08-10,C 制造业,
603060,国检集团,5.45,4382000000.0,2016-11-09,,
601636,旗滨集团,5.45,16125000000.0,2011-08-12,,
300335,迪森股份,5.44,2595000000.0,2012-07-10,D 水电煤气,
002563,森马服饰,5.44,14656000000.0,2011-03-11,C 制造业,
002187,广百股份,5.44,3813000000.0000005,2007-11-22,F 批发零售,
600874,创业环保,5.44,8543000000.000001,1995-06-30,,
002177,御银股份,5.43,4133000000.0,2007-11-01,C 制造业,
600540,新赛股份,5.43,3157000000.0,2004-01-07,,
300299,富春股份,5.42,3740999999.9999995,2012-03-19,I 信息技术,
002442,龙星科技,5.42,2728000000.0,2010-07-06,C 制造业,
002172,澳洋健康,5.42,4150000000.0,2007-09-21,Q 卫生,
600918,中泰证券,5.42,42917000000.0,2020-06-03,,
600516,方大炭素,5.42,21821000000.0,2002-08-30,,
300423,昇辉科技,5.41,2692000000.0,2015-02-17,C 制造业,
002204,大连重工,5.41,10449000000.0,2008-01-16,C 制造业,
600073,光明肉业,5.4,5064000000.0,1997-07-04,,
002207,*ST准油,5.38,1410000000.0,2008-01-28,B 采矿业,
000788,北大医药,5.38,3206000000.0,1997-06-16,C 制造业,
300086,康芝药业,5.37,2444000000.0,2010-05-26,C 制造业,
600576,祥源文旅,5.37,5663000000.0,2003-02-20,,
300205,*ST天喻,5.36,2305000000.0,2011-04-21,C 制造业,
601991,大唐发电,5.36,99196000000.0,2006-12-20,,
600249,两面针,5.36,2948000000.0,2004-01-30,,
600018,上港集团,5.36,124781000000.0,2000-07-19,,
300239,东宝生物,5.35,3176000000.0,2011-07-06,C 制造业,
300175,朗源股份,5.35,2519000000.0,2011-02-15,C 制造业,
002031,巨轮智能,5.35,11767000000.0,2004-08-16,C 制造业,
000753,漳州发展,5.35,5304000000.0,1997-06-26,F 批发零售,
300010,ST豆神,5.34,11036000000.0,2009-10-30,I 信息技术,
301030,*ST仕净,5.33,1079000000.0,2021-07-22,C 制造业,
300343,联创股份,5.33,5694000000.0,2012-08-01,C 制造业,
601658,邮储银行,5.33,640107000000.0,2019-12-10,,
002408,齐翔腾达,5.32,15128000000.0,2010-05-18,C 制造业,
000909,*ST数源,5.32,2329000000.0,1999-05-07,K 房地产,
000852,石化机械,5.32,5085000000.0,1998-11-26,C 制造业,
600028,中国石化,5.32,642201000000.0,2001-08-08,,
003035,南网能源,5.31,20114000000.0,2021-01-19,M 科研服务,
002513,蓝丰生化,5.31,1994000000.0000002,2010-12-03,C 制造业,
300232,洲明科技,5.3,5779000000.0,2011-06-22,C 制造业,
000715,中兴商业,5.3,2864000000.0,1997-05-08,F 批发零售,
603128,华贸物流,5.3,6938000000.0,2012-05-29,,
301215,中汽股份,5.29,7003000000.0,2022-03-08,M 科研服务,
000928,中钢国际,5.29,7589000000.0,1999-03-12,E 建筑业,
603176,汇通集团,5.29,2493000000.0,2021-12-31,,
300569,天能重工,5.28,5400000000.0,2016-11-25,C 制造业,
002564,天沃科技,5.28,4535000000.0,2011-03-10,C 制造业,
000570,苏常柴Ａ,5.28,3726000000.0,1994-07-01,C 制造业,
300140,节能环境,5.26,16301000000.0,2010-11-12,N 公共环保,
300067,安诺其,5.26,6072000000.0,2010-04-21,C 制造业,
002676,顺威股份,5.26,4090999999.9999995,2012-05-25,C 制造业,
000930,中粮科技,5.26,9765000000.0,1999-07-12,C 制造业,
002587,奥拓电子,5.25,3436000000.0,2011-06-10,C 制造业,
002277,友阿股份,5.25,7319000000.0,2009-07-17,F 批发零售,
000633,合金投资,5.25,2022000000.0,1996-11-12,C 制造业,
600795,国电电力,5.24,93459000000.0,1997-03-18,,
600125,铁龙物流,5.24,6841000000.0,1998-05-11,,
000862,银星能源,5.23,4801000000.0,1998-09-15,D 水电煤气,
000619,海螺新材,5.23,2307000000.0,1996-10-23,C 制造业,
000410,沈阳机床,5.23,13855000000.000002,1996-07-18,C 制造业,
600820,隧道股份,5.23,16444000000.0,1994-01-28,,
002063,远光软件,5.22,9999000000.0,2006-08-23,I 信息技术,
601002,晋亿实业,5.22,5020000000.0,2007-01-26,,
600651,飞乐音响,5.22,13087000000.0,1990-12-19,,
300039,上海凯宝,5.21,5450000000.0,2010-01-08,C 制造业,
600578,京能电力,5.21,34879000000.0,2002-05-10,,
000530,冰山冷热,5.2,4385000000.0,1993-12-08,C 制造业,
000950,重药控股,5.19,8889000000.0,1999-09-16,F 批发零售,
603021,*ST华鹏,5.19,1661000000.0,2015-04-23,,
300158,振东制药,5.18,5140000000.0,2011-01-07,C 制造业,
300318,博晖创新,5.17,4222999999.9999995,2012-05-23,C 制造业,
603567,珍宝岛,5.17,4861000000.0,2015-04-24,,
600207,安彩高科,5.16,5621000000.0,1999-07-14,,
600202,哈空调,5.16,1978000000.0,1999-06-03,,
002688,金河生物,5.15,4312000000.0,2012-07-13,C 制造业,
603018,华设集团,5.15,4219000000.0,2014-10-13,,
002500,山西证券,5.14,18451000000.0,2010-11-15,J 金融业,
002480,新筑股份,5.14,3954000000.0,2010-09-21,C 制造业,
002454,松芝股份,5.14,4518000000.0,2010-07-20,C 制造业,
601956,东贝集团,5.14,3195000000.0,2020-12-25,,
600997,开滦股份,5.14,8161000000.0,2004-06-02,,
600023,浙能电力,5.14,68921000000.0,2013-12-19,,
002358,森源电气,5.13,4770000000.0,2010-02-10,C 制造业,
000650,仁和药业,5.13,7181999999.999999,1996-12-10,C 制造业,
002391,长青股份,5.12,3326000000.0,2010-04-16,C 制造业,
002370,亚太药业,5.12,3818000000.0,2010-03-16,C 制造业,
000850,华茂股份,5.12,4832000000.0,1998-10-07,C 制造业,
600335,国机汽车,5.12,7616000000.0,2001-03-05,,
000911,*ST广糖,5.11,2046000000.0,1999-05-27,C 制造业,
600616,金枫酒业,5.11,3419000000.0,1992-09-29,,
600284,浦东建设,5.11,4958000000.0,2004-03-16,,
920575,*ST康乐,5.11,1436000000.0,2023-03-15,医药制造业,
600720,中交设计,5.1,11702000000.0,1996-07-16,,
002707,众信旅游,5.09,5002000000.0,2014-01-23,L 商务服务,
603815,交建股份,5.09,3150000000.0,2019-10-21,,
002556,辉隆股份,5.08,4749000000.0,2011-03-02,F 批发零售,
600975,新五丰,5.08,6348000000.0,2004-06-09,,
300165,天瑞仪器,5.07,2512000000.0,2011-01-25,C 制造业,
002178,延华智能,5.07,3611000000.0,2007-11-01,I 信息技术,
002094,青岛金王,5.07,3503000000.0,2006-12-15,C 制造业,
300284,苏交科,5.06,6390000000.0,2012-01-10,M 科研服务,
002575,群兴玩具,5.06,3119000000.0,2011-04-22,F 批发零售,
000690,宝新能源,5.06,11010000000.0,1997-01-28,D 水电煤气,
600796,钱江生化,5.06,4385000000.0,1997-04-08,,
600638,新黄浦,5.06,3407000000.0,1993-03-26,,
600395,盘江股份,5.06,10862000000.0,2001-05-31,,
002682,龙洲股份,5.05,2840000000.0,2012-06-12,G 运输仓储,
600405,动力源,5.05,3095000000.0,2004-04-01,,
600149,廊坊发展,5.05,1920000000.0,1999-10-14,,
000958,电投产融,5.03,92132000000.0,1999-12-23,D 水电煤气,
600726,华电能源,5.03,39774000000.0,1996-07-01,,
002476,新叶股份,5.02,3072000000.0,2010-09-15,C 制造业,
002453,华软科技,5.02,4078000000.0,2010-07-20,C 制造业,
002252,上海莱士,5.02,33095000000.0,2008-06-23,C 制造业,
601686,友发集团,5.02,7426000000.000001,2020-12-04,,
300506,名家汇,5.0,7128000000.0,2016-03-24,E 建筑业,
002628,成都路桥,5.0,3786000000.0,2011-11-03,E 建筑业,
002562,兄弟科技,5.0,5714000000.0,2011-03-10,C 制造业,
002494,华斯股份,5.0,1887000000.0,2010-11-02,C 制造业,
600119,*ST长投,5.0,1826000000.0000002,1998-01-15,,
300145,南方泵业,4.99,9582000000.0,2010-12-09,C 制造业,
002226,江南化工,4.99,13218000000.0,2008-05-06,C 制造业,
000419,通程控股,4.99,2712000000.0,1996-08-16,F 批发零售,
002540,亚太科技,4.98,6213000000.0,2011-01-18,C 制造业,
002581,*ST未名,4.97,3279000000.0,2011-05-20,C 制造业,
002574,明牌珠宝,4.97,2624000000.0,2011-04-22,C 制造业,
002081,金 螳 螂,4.97,13197000000.0,2006-11-20,E 建筑业,
000716,黑芝麻,4.97,3742000000.0,1997-04-18,C 制造业,
000529,广弘控股,4.97,2901000000.0,1993-11-18,C 制造业,
601528,瑞丰银行,4.97,9752000000.0,2021-06-25,,
600287,苏豪时尚,4.97,2171000000.0,2000-09-01,,
002712,思美传媒,4.96,2700000000.0,2014-01-23,L 商务服务,
600724,宁波富达,4.96,7168000000.000001,1996-07-16,,
600469,风神股份,4.96,4415000000.0,2003-10-21,,
000539,粤电力Ａ,4.95,25989000000.0,1993-11-26,D 水电煤气,
002638,勤上股份,4.93,7081999999.999999,2011-11-25,C 制造业,
000507,珠海港,4.93,4534000000.0,1993-03-26,G 运输仓储,
603183,建研院,4.92,2446000000.0,2017-09-05,,
600713,南京医药,4.92,6436000000.0,1996-07-01,,
300182,捷成股份,4.91,13079000000.0,2011-02-22,R 文化传播,
000541,佛山照明,4.9,7525000000.0,1993-11-23,C 制造业,
603879,永悦科技,4.9,1761000000.0,2017-06-14,,
603797,联泰环保,4.9,2825000000.0,2017-04-13,,
600121,郑州煤电,4.9,5970000000.0,1998-01-07,,
300128,锦富技术,4.88,6340000000.0,2010-10-13,C 制造业,
688280,精进电动-W,4.88,2880000000.0,,,
600858,银座股份,4.88,2538000000.0,1994-05-06,,
600812,华北制药,4.88,8373000000.0,1994-01-14,,
600525,长园集团,4.88,6436000000.0,2002-12-02,,
002206,海 利 得,4.87,5659000000.0,2008-01-23,C 制造业,
000100,TCL科技,4.87,106879000000.0,2004-01-30,C 制造业,
603878,武进不锈,4.86,2727000000.0,2016-12-19,,
600982,宁波能源,4.86,5432000000.0,2004-07-06,,
600558,大西洋,4.86,4362000000.0,2001-02-27,,
600029,南方航空,4.86,88068000000.0,2003-07-25,,
300511,雪榕生物,4.84,3102000000.0,2016-05-04,A 农林牧渔,
600998,九州通,4.84,24406000000.0,2010-11-02,,
600517,国网英大,4.84,27677000000.0,2003-10-10,,
300261,雅本化学,4.83,4653000000.0,2011-09-06,C 制造业,
002145,钛能化学,4.83,18386000000.0,2007-08-03,C 制造业,
002035,华帝股份,4.83,4094000000.0,2004-09-01,C 制造业,
603113,金能科技,4.83,4097999999.9999995,2017-05-11,,
600582,天地科技,4.83,19989000000.0,2002-05-15,,
600027,华电国际,4.83,56085000000.0,2005-02-03,,
300332,天壕能源,4.82,4086000000.0,2012-06-28,D 水电煤气,
002467,二六三,4.82,6629000000.000001,2010-09-08,I 信息技术,
000711,京蓝科技,4.82,14236000000.000002,1997-04-11,C 制造业,
002616,长青集团,4.81,4133000000.0,2011-09-20,N 公共环保,
600604,市北高新,4.81,9011000000.0,1992-03-27,,
300296,利亚德,4.8,13016999999.999998,2012-03-15,C 制造业,
600966,博汇纸业,4.8,6417000000.0,2004-06-08,,
300587,天铁科技,4.79,6219000000.0,2017-01-05,C 制造业,
300079,数码视讯,4.79,6831000000.0,2010-04-30,C 制造业,
002337,赛象科技,4.79,2819000000.0,2010-01-15,C 制造业,
000035,中国天楹,4.79,11439000000.0,1994-04-08,N 公共环保,
600917,重庆燃气,4.79,7477000000.0,2014-09-30,,
600390,五矿资本,4.79,21546000000.0,2001-01-15,,
600704,物产中大,4.77,24667000000.0,1996-06-06,,
920057,百甲科技,4.77,865000000.0,2023-03-14,金属制品业,
300048,合康新能,4.76,5390000000.0,2010-01-20,C 制造业,
002863,今飞凯达,4.76,2854000000.0,2017-04-18,C 制造业,
002743,ST富煌,4.75,2068000000.0,2015-02-17,C 制造业,
600538,国发股份,4.75,2490000000.0,2003-01-14,,
920030,德众汽车,4.75,849000000.0,2020-11-27,零售业,
002259,升达林业,4.74,3565999999.9999995,2008-07-16,D 水电煤气,
600854,春兰股份,4.73,2457000000.0,1994-04-25,,
600080,ST金花,4.73,1766000000.0,1997-06-12,,
920964,润农节水,4.72,1233000000.0,2020-07-27,土木工程建筑业,
000597,东北制药,4.71,6720999999.999999,1996-05-23,C 制造业,
603378,*ST亚士,4.71,2019000000.0000002,2017-09-28,,
600185,珠免集团,4.7,8860000000.0,1999-06-11,,
600130,波导股份,4.7,3525000000.0,2000-07-06,,
300168,万达信息,4.69,6756999999.999999,2011-01-25,I 信息技术,
002659,凯文教育,4.69,2806000000.0,2012-03-09,P 教育,
002302,西部建设,4.69,5920000000.0,2009-11-03,C 制造业,
000566,海南海药,4.69,6085000000.0,1994-05-25,C 制造业,
601816,京沪高铁,4.69,229461000000.0,2020-01-16,,
300066,三川智慧,4.68,4867000000.0,2010-03-26,C 制造业,
000790,华神科技,4.68,2919000000.0,1998-03-27,C 制造业,
600733,北汽蓝谷,4.68,29798000000.0,1996-08-16,,
002016,世荣兆业,4.67,3778000000.0,2004-07-08,K 房地产,
920433,大唐药业,4.67,1195000000.0,2020-07-27,医药制造业,
002793,罗欣药业,4.66,5068000000.0,2016-04-15,C 制造业,
002027,分众传媒,4.66,67301000000.0,2004-08-04,L 商务服务,
000755,山西高速,4.66,6838000000.0,1997-06-27,G 运输仓储,
601006,大秦铁路,4.66,92561000000.0,2006-08-01,,
002193,ST如意,4.65,1217000000.0,2007-12-07,C 制造业,
600815,厦工股份,4.65,8250000000.0,1994-01-28,,
002355,兴民智通,4.64,3102000000.0,2010-02-09,C 制造业,
688009,中国通号,4.64,49137000000.0,,,
600863,华能蒙电,4.64,36355000000.0,1994-05-20,,
600281,华阳新材,4.64,2387000000.0,2000-11-09,,
600120,浙江东方,4.64,15847000000.0,1997-12-01,,
002593,日上集团,4.63,3722000000.0,2011-06-28,C 制造业,
300350,华鹏飞,4.62,2596000000.0,2012-08-21,G 运输仓储,
300155,安居宝,4.62,2593000000.0,2011-01-07,C 制造业,
000875,电投绿能,4.62,16758000000.000002,2002-09-26,D 水电煤气,
600624,ST复华,4.62,3139000000.0,1993-01-05,,
600603,广汇物流,4.62,5331000000.0,1992-01-13,,
003012,东鹏控股,4.61,5334000000.0,2020-10-19,C 制造业,
002697,红旗连锁,4.61,6270000000.0,2012-09-05,F 批发零售,
002424,ST百灵,4.61,6387000000.0,2010-06-03,C 制造业,
000886,海南高速,4.61,4558000000.0,1998-01-23,G 运输仓储,
600219,南山铝业,4.61,52940000000.0,1999-12-23,,
000736,中交发展,4.6,3436999999.9999995,1997-04-25,K 房地产,
601608,中信重工,4.6,21066000000.0,2012-07-06,,
300664,鹏鹞环保,4.59,3456000000.0,2018-01-05,N 公共环保,
300430,*ST益通,4.59,1253000000.0,2015-03-19,C 制造业,
002266,浙富控股,4.59,23956000000.0,2008-08-06,N 公共环保,
002652,扬子新材,4.58,2345000000.0,2012-01-19,C 制造业,
000548,湖南投资,4.58,2286000000.0,1993-12-20,G 运输仓储,
300737,科顺股份,4.57,5074000000.0,2018-01-25,C 制造业,
000707,双环科技,4.57,2672000000.0,1997-04-15,C 制造业,
600805,悦达投资,4.56,3879999999.9999995,1994-01-03,,
600526,菲达环保,4.56,4051000000.0,2002-07-22,,
002419,天虹股份,4.55,5193000000.0,2010-06-01,F 批发零售,
603300,海南华铁,4.55,9096000000.0,2015-05-29,,
603007,顺景科技,4.55,4024000000.0,2016-08-26,,
601368,绿城水务,4.55,4018000000.0,2015-06-12,,
920985,海泰新能,4.55,1408000000.0,2022-08-08,电气机械和器材制造业,
300269,联建光电,4.54,2483000000.0,2011-10-12,C 制造业,
601669,中国电建,4.54,78207000000.0,2011-10-18,,
600787,中储股份,4.54,9852000000.0,1997-01-21,,
600556,天下秀,4.54,8206999999.999999,2001-08-07,,
600429,三元股份,4.54,6798999999.999999,2003-09-15,,
600075,新疆天业,4.53,7736000000.0,1997-06-17,,
300365,恒华科技,4.52,2711000000.0,2014-01-23,I 信息技术,
002427,尤夫股份,4.52,4454000000.0,2010-06-08,C 制造业,
000931,中 关 村,4.52,3404000000.0,1999-07-12,C 制造业,
000863,三湘印象,4.52,5337000000.0,1997-09-25,K 房地产,
300187,永清环保,4.51,2912000000.0,2011-03-08,N 公共环保,
300172,中电环保,4.51,3052000000.0,2011-02-01,D 水电煤气,
000892,欢瑞世纪,4.51,4424000000.0,1999-01-15,R 文化传播,
601968,宝钢包装,4.51,5754000000.0,2015-06-11,,
300412,迦南科技,4.5,2240000000.0,2014-12-31,C 制造业,
300292,吴通控股,4.5,6038000000.0,2012-02-29,I 信息技术,
000088,盐 田 港,4.5,23398000000.0,1997-07-28,G 运输仓储,
603188,亚邦股份,4.5,2566000000.0,2014-09-09,,
002681,奋达科技,4.49,8058000000.0,2012-06-05,C 制造业,
002010,传化智联,4.49,12410000000.0,2004-06-29,L 商务服务,
002044,美年健康,4.48,17536000000.0,2005-05-18,Q 卫生,
002418,康盛股份,4.47,5080000000.0,2010-06-01,C 制造业,
000525,红太阳,4.47,5824000000.0,1993-10-28,C 制造业,
601975,招商南油,4.47,20921000000.0,2019-01-08,,
601216,君正集团,4.47,37718000000.0,2011-02-22,,
600655,豫园股份,4.47,17394000000.0,1992-09-02,,
300160,秀强股份,4.46,3447000000.0,2011-01-13,C 制造业,
600106,重庆路桥,4.46,5927000000.0,1997-06-18,,
000751,锌业股份,4.45,7190000000.000001,1997-06-26,C 制造业,
000599,青岛双星,4.45,10872000000.0,1996-04-30,C 制造业,
600310,广西能源,4.45,6522000000.0,2001-02-28,,
600179,安通控股,4.45,18830000000.0,1998-11-04,,
600635,大众公用,4.43,13079000000.0,1993-03-04,,
000937,冀中能源,4.42,17180000000.0,1999-09-09,B 采矿业,
603323,苏农银行,4.41,9792000000.0,2016-11-29,,
600611,大众交通,4.41,10426000000.0,1992-08-07,,
600478,科力远,4.41,7470000000.0,2003-09-18,,
601008,连云港,4.4,5459000000.0,2007-04-26,,
600282,南钢股份,4.4,27126000000.0,2000-09-19,,
002678,珠江钢琴,4.39,5963000000.0,2012-05-30,C 制造业,
002059,云南旅游,4.39,4445000000.0,2006-08-10,N 公共环保,
000166,申万宏源,4.39,109925000000.0,2015-01-26,J 金融业,
601000,唐山港,4.39,26014999999.999996,2010-07-05,,
600728,佳都科技,4.39,9362000000.0,1996-07-16,,
300176,鸿特科技,4.38,2328000000.0,2011-02-15,C 制造业,
002570,贝因美,4.38,4731000000.0,2011-04-12,C 制造业,
600168,武汉控股,4.38,4351000000.0,1998-04-27,,
600084,*ST尼雅,4.38,4922000000.0,1997-07-11,,
600828,茂业商业,4.37,7569000000.0,1994-02-24,,
300123,ST亚光,4.36,4455000000.0,2010-09-28,C 制造业,
002108,沧州明珠,4.36,7188000000.0,2007-01-24,C 制造业,
300230,永利股份,4.35,3536999999.9999995,2011-06-15,C 制造业,
300043,星辉娱乐,4.35,5412000000.0,2010-01-20,I 信息技术,
002092,中泰化学,4.35,11204000000.0,2006-12-08,C 制造业,
000546,金圆股份,4.35,3383000000.0,1993-12-15,C 制造业,
000514,渝 开 发,4.35,3670000000.0000005,1993-07-12,K 房地产,
600620,天宸股份,4.35,2987000000.0,1992-11-17,,
600162,香江控股,4.35,14218000000.0,1998-06-09,,
300180,华峰超纤,4.34,7643000000.000001,2011-02-22,C 制造业,
000883,湖北能源,4.34,30725000000.0,1998-05-19,D 水电煤气,
300259,新天科技,4.33,5002000000.0,2011-08-31,C 制造业,
300013,新宁物流,4.33,2418000000.0,2009-10-30,G 运输仓储,
000521,长虹美菱,4.33,4460000000.0,1993-10-18,C 制造业,
002701,奥瑞金,4.32,11058000000.0,2012-10-11,C 制造业,
600545,卓郎智能,4.32,7723999999.999999,2003-12-03,,
600289,ST信通,4.32,2726000000.0,2000-07-20,,
002131,利欧股份,4.31,29186000000.0,2007-04-27,L 商务服务,
603959,ST百利,4.31,2113000000.0,2016-05-17,,
600936,北投科技,4.31,7202000000.0,2016-08-15,,
600399,抚顺特钢,4.31,8500000000.0,2000-12-29,,
002316,亚联发展,4.3,1689999999.9999998,2009-12-09,I 信息技术,
002004,华邦健康,4.3,8514000000.0,2004-06-25,C 制造业,
000757,浩物股份,4.3,2291000000.0,1997-06-27,F 批发零售,
000516,国际医学,4.3,9627000000.0,1993-08-09,Q 卫生,
002692,远程股份,4.29,3081000000.0,2012-08-08,C 制造业,
002629,仁智股份,4.29,1828000000.0,2011-11-03,B 采矿业,
601068,中铝国际,4.28,12784000000.0,2018-08-31,,
002398,垒知集团,4.27,2939000000.0,2010-05-06,C 制造业,
600279,重庆港,4.27,5068000000.0,2000-07-31,,
600266,城建发展,4.27,8863000000.0,1999-02-03,,
601668,中国建筑,4.26,176025000000.0,2009-07-29,,
600880,博瑞传播,4.26,4658000000.0,1995-11-15,,
002839,张家港行,4.25,10388000000.0,2017-01-24,J 金融业,
601390,中国中铁,4.25,104258000000.0,2007-12-03,,
300098,高新兴,4.24,7368000000.000001,2010-07-28,I 信息技术,
002666,德联集团,4.24,3340999999.9999995,2012-03-27,C 制造业,
300310,宜通世纪,4.23,3729000000.0,2012-04-25,I 信息技术,
300076,*ST宁视,4.22,1789000000.0,2010-04-30,C 制造业,
000822,山东海化,4.22,3777000000.0000005,1998-07-03,C 制造业,
000637,茂化实华,4.22,2194000000.0,1996-11-14,C 制造业,
600717,天津港,4.22,12213000000.0,1996-06-14,,
600572,康恩贝,4.21,10687000000.0,2004-04-12,,
002183,怡 亚 通,4.2,10907000000.0,2007-11-13,L 商务服务,
000669,ST金鸿,4.2,2858000000.0,1996-12-10,D 水电煤气,
000589,贵州轮胎,4.2,6528000000.0,1996-03-08,C 制造业,
600738,丽尚国潮,4.2,3198000000.0,1996-08-02,,
600662,外服控股,4.2,9590000000.0,1993-06-14,,
600381,*ST春天,4.2,2466000000.0,2001-05-08,,
003816,中国广核,4.19,211590000000.0,2019-08-26,D 水电煤气,
002121,科陆电子,4.19,7008000000.0,2007-03-06,C 制造业,
601789,宁波建工,4.19,6387000000.0,2011-08-16,,
300150,世纪瑞尔,4.17,2440000000.0,2010-12-22,I 信息技术,
000407,胜利股份,4.17,3670000000.0000005,1996-07-03,D 水电煤气,
002807,江阴银行,4.16,11263000000.0,2016-09-02,J 金融业,
002481,双塔食品,4.16,5132000000.0,2010-09-21,C 制造业,
000591,太阳能,4.16,16244000000.0,1996-02-08,D 水电煤气,
600502,安徽建工,4.16,7141000000.0,2003-04-15,,
300359,全通教育,4.15,2628000000.0,2014-01-21,P 教育,
688509,正元地信,4.15,3195000000.0,,,
603866,桃李面包,4.15,6639000000.0,2015-12-22,,
600368,五洲交通,4.15,6680000000.0,2000-12-21,,
600050,中国联通,4.15,129747000000.0,2002-10-09,,
002742,冀衡医药,4.14,2832000000.0,2015-02-17,C 制造业,
300376,易事特,4.13,9616000000.0,2014-01-27,C 制造业,
600108,亚盛集团,4.13,8041000000.0,1997-08-18,,
300068,ST南都,4.12,3701000000.0,2010-04-21,C 制造业,
000692,惠天热电,4.12,2195000000.0,1997-02-27,D 水电煤气,
600892,大晟文化,4.12,2305000000.0,1996-03-15,,
600866,星湖科技,4.12,6845000000.0,1994-08-18,,
002162,悦心健康,4.11,3779999999.9999995,2007-08-23,C 制造业,
000789,万年青,4.11,3277000000.0000005,1997-09-23,C 制造业,
000415,渤海租赁,4.11,25418000000.0,1996-07-16,L 商务服务,
002691,*ST冀凯,4.09,1391000000.0,2012-07-31,C 制造业,
002132,恒星科技,4.09,5732000000.0,2007-04-27,C 制造业,
600658,电子城,4.09,4575000000.0,1993-05-24,,
002578,闽发铝业,4.08,3829999999.9999995,2011-04-28,C 制造业,
000665,湖北广电,4.08,4640000000.0,1996-12-10,I 信息技术,
600925,苏能股份,4.08,28107000000.0,2023-03-29,,
600495,晋西车轴,4.08,4929000000.0,2004-05-26,,
300375,鹏翎股份,4.07,3110000000.0,2014-01-27,C 制造业,
300071,福石控股,4.07,3922999999.9999995,2010-04-21,L 商务服务,
000520,凤凰航运,4.07,4119000000.0,1993-10-25,G 运输仓储,
600543,*ST莫高,4.07,1307000000.0,2004-03-24,,
300422,博世科,4.06,2168000000.0,2015-02-17,N 公共环保,
600238,ST椰岛,4.06,1820000000.0,2000-01-20,,
300425,中建环能,4.05,2763000000.0,2015-02-16,C 制造业,
002330,得利斯,4.05,2573000000.0,2010-01-06,C 制造业,
002634,*ST棒杰,4.04,1855999999.9999998,2011-12-05,C 制造业,
600094,大名城,4.04,9393000000.0,1997-07-03,,
002671,龙泉股份,4.03,2263000000.0,2012-04-26,C 制造业,
002524,光正眼科,4.03,2077000000.0,2010-12-17,Q 卫生,
000955,欣龙控股,4.03,2170000000.0,1999-12-09,C 制造业,
000607,华媒控股,4.03,4101000000.0,1996-08-30,L 商务服务,
603023,威帝股份,4.03,2249000000.0,2015-05-27,,
600507,方大特钢,4.03,9322000000.0,2003-09-30,,
300167,ST迪威迅,4.02,1673999999.9999998,2011-01-25,I 信息技术,
002766,索菱股份,4.02,3457000000.0,2015-06-11,C 制造业,
000428,华天酒店,4.02,4096000000.0,1996-08-08,H 住宿餐饮,
600320,振华重工,4.02,21223000000.0,2000-12-21,,
300217,东方电热,4.01,5927000000.0,2011-05-18,C 制造业,
600777,新潮能源,4.01,27270000000.0,1996-11-21,,
002067,景兴纸业,4.0,5899000000.0,2006-09-15,C 制造业,
600649,城投控股,4.0,9967000000.0,1993-05-18,,
002344,海宁皮城,3.99,5118000000.0,2010-01-26,L 商务服务,
000868,安凯客车,3.99,3749000000.0,1997-07-25,C 制造业,
600643,爱建集团,3.99,6357000000.0,1993-04-26,,
300317,珈伟新能,3.98,3304000000.0,2012-05-11,C 制造业,
601158,重庆水务,3.98,19104000000.0,2010-03-29,,
600481,双良节能,3.98,8216000000.0,2003-04-22,,
300315,掌趣科技,3.96,10722000000.0,2012-05-11,I 信息技术,
000972,中基健康,3.96,3054000000.0,2000-09-26,C 制造业,
601096,宏盛华源,3.96,10594000000.0,2023-12-22,,
600748,上实发展,3.96,7304000000.000001,1996-09-25,,
600586,金晶科技,3.96,5613000000.0,2002-08-15,,
603117,万林物流,3.95,2367000000.0,2015-06-29,,
601375,中原证券,3.95,18339000000.0,2017-01-03,,
300190,维尔利,3.94,3735000000.0,2011-03-16,N 公共环保,
000912,泸天化,3.93,6162000000.0,1999-06-03,C 制造业,
000030,富奥股份,3.92,6742000000.0,1993-09-29,C 制造业,
688425,铁建重工,3.92,20907000000.0,,,
600369,西南证券,3.92,26049000000.0,2001-01-09,,
000802,北京文化,3.91,2799000000.0,1998-01-08,R 文化传播,
601619,嘉泽新能,3.91,11774000000.0,2017-07-20,,
000966,长源电力,3.9,13576000000.0,2000-03-16,D 水电煤气,
000036,华联控股,3.9,5475000000.0,1994-06-17,K 房地产,
600960,渤海汽车,3.9,6319000000.0,2004-04-07,,
600530,ST交昂,3.89,3014000000.0,2001-07-02,,
002512,ST达华,3.88,4277000000.0000005,2010-12-03,C 制造业,
000572,海马汽车,3.88,6381000000.0,1994-08-08,C 制造业,
603818,曲美家居,3.88,2664000000.0,2015-04-22,,
600968,海油发展,3.88,39441000000.0,2019-06-26,,
600930,华电新能,3.88,161851000000.0,2025-07-16,,
002042,华孚时尚,3.87,6581999999.999999,2005-04-27,C 制造业,
601500,通用股份,3.87,6126000000.0,2016-09-19,,
600979,广安爱众,3.86,4830000000.0,2004-09-06,,
002375,亚厦股份,3.85,5159000000.0,2010-03-23,E 建筑业,
002160,常铝股份,3.85,3976000000.0,2007-08-21,C 制造业,
600020,中原高速,3.85,8652000000.0,2003-08-08,,
300324,旋极信息,3.84,6634000000.0,2012-06-08,I 信息技术,
300194,福安药业,3.84,4568000000.0,2011-03-22,C 制造业,
002154,报 喜 鸟,3.84,5604000000.0,2007-08-16,C 制造业,
688119,中钢洛耐,3.84,4320000000.0,,,
300242,佳云科技,3.83,2430000000.0,2011-07-12,L 商务服务,
300074,华平股份,3.83,2107999999.9999998,2010-04-27,I 信息技术,
001391,国货航,3.83,46760000000.0,2024-12-30,G 运输仓储,
300021,大禹节水,3.82,3904999999.9999995,2009-10-30,N 公共环保,
002548,金新农,3.82,3164000000.0,2011-02-18,C 制造业,
600626,申达股份,3.81,5032000000.0,1993-01-07,,
002211,ST宏达,3.8,1643000000.0,2008-02-01,C 制造业,
600327,大东方,3.8,3361999999.9999995,2002-06-25,,
600227,赤天化,3.8,6417000000.0,2000-02-21,,
300020,ST银江,3.79,3012000000.0,2009-10-30,I 信息技术,
000055,方大集团,3.79,4070000000.0000005,1996-04-15,C 制造业,
300032,金龙机电,3.78,3036000000.0,2009-12-25,C 制造业,
002641,公元股份,3.78,4646000000.0,2011-12-08,C 制造业,
000573,粤宏远Ａ,3.78,2413000000.0,1994-08-15,C 制造业,
600293,三峡新材,3.78,4385000000.0,2000-09-19,,
002218,拓日新能,3.77,5309000000.0,2008-02-28,C 制造业,
000877,天山股份,3.77,26807000000.0,1999-01-07,C 制造业,
601616,广电电气,3.77,3218000000.0,2011-02-01,,
600740,山西焦化,3.77,9659000000.0,1996-08-08,,
600269,赣粤高速,3.77,8804000000.0,2000-05-18,,
000002,万  科Ａ,3.76,44859000000.0,1991-01-29,K 房地产,
300247,融捷健康,3.75,3015000000.0,2011-07-29,C 制造业,
000632,ST三木,3.75,1746000000.0,1996-11-21,F 批发零售,
688223,晶科能源,3.75,38399000000.0,,,
002586,围海股份,3.74,4279000000.0,2011-06-02,E 建筑业,
002224,三 力 士,3.74,3374000000.0,2008-04-25,C 制造业,
000812,陕西金叶,3.73,2821000000.0,1998-06-23,C 制造业,
600033,福建高速,3.73,10237000000.0,2001-02-09,,
002672,东江环保,3.71,4100000000.0,2012-04-26,C 制造业,
688055,龙腾光电,3.71,12367000000.0,,,
000889,中嘉博创,3.7,3464000000.0,1997-12-18,I 信息技术,
000012,南  玻Ａ,3.7,11257000000.0,1992-02-28,C 制造业,
000509,华塑控股,3.69,3960000000.0,1993-05-07,C 制造业,
600716,凤凰股份,3.69,3454000000.0,1996-07-02,,
002069,獐子岛,3.67,2610000000.0,2006-09-28,A 农林牧渔,
000518,四环生物,3.67,3778000000.0,1993-09-08,C 制造业,
000698,ST沈化,3.66,2999000000.0,1997-02-20,C 制造业,
000560,我爱我家,3.66,8621000000.0,1994-02-02,K 房地产,
600824,益民集团,3.66,3858000000.0,1994-02-04,,
300157,新锦动力,3.65,2804000000.0,2011-01-07,C 制造业,
600035,楚天高速,3.65,5877000000.0,2004-03-10,,
600758,辽宁能源,3.64,4812000000.0,1996-10-29,,
600052,东望时代,3.64,3073000000.0,1997-04-15,,
300080,易成新能,3.63,6800000000.0,2010-06-25,C 制造业,
002397,梦洁股份,3.62,2707000000.0,2010-04-29,C 制造业,
000720,新能泰山,3.62,4549000000.0,1997-05-09,C 制造业,
000557,西部创业,3.62,5279000000.0,1994-06-17,G 运输仓储,
600790,轻纺城,3.62,5306000000.0,1997-02-28,,
600375,汉马科技,3.62,5803000000.0,2003-04-01,,
002198,ST嘉应,3.61,1832000000.0,2007-12-18,C 制造业,
000750,国海证券,3.61,23054000000.0,1997-07-09,J 金融业,
600905,三峡能源,3.61,103201000000.0,2021-06-10,,
600594,益佰制药,3.61,2832000000.0,2004-03-23,,
600425,青松建化,3.61,5793000000.0,2003-07-24,,
600103,青山纸业,3.61,8089000000.0,1997-07-03,,
300301,ST长方,3.6,2988000000.0,2012-03-21,C 制造业,
002640,跨境通,3.6,5609000000.0,2011-12-08,F 批发零售,
002329,皇氏集团,3.6,2997000000.0,2010-01-06,C 制造业,
601162,天风证券,3.6,36266000000.0,2018-10-19,,
002168,ST惠程,3.59,2815000000.0,2007-09-19,C 制造业,
000796,凯撒旅业,3.59,5758000000.0,1997-07-03,L 商务服务,
601568,北元化工,3.59,14260000000.0,2020-10-20,,
300278,华昌达,3.58,5062000000.0,2011-12-16,C 制造业,
002567,唐人神,3.58,5130000000.0,2011-03-25,C 制造业,
002191,劲嘉股份,3.58,5062000000.0,2007-12-05,C 制造业,
000820,神雾节能,3.58,2315000000.0,1998-06-30,M 科研服务,
601366,利群股份,3.58,3436000000.0,2017-04-12,,
000778,新兴铸管,3.57,14149000000.0,1997-06-06,C 制造业,
000558,天府文旅,3.57,4603000000.0,1994-05-09,N 公共环保,
000420,吉林化纤,3.57,8778000000.0,1996-08-02,C 制造业,
300287,飞利信,3.56,5110000000.0,2012-02-01,I 信息技术,
300148,天舟文化,3.56,3002000000.0,2010-12-15,R 文化传播,
600684,珠江股份,3.56,3938000000.0000005,1993-10-28,,
000900,现代投资,3.55,5388000000.0,1999-01-28,G 运输仓储,
000401,金隅冀东,3.55,9429000000.0,1996-06-14,C 制造业,
601015,陕西黑猫,3.55,7251000000.000001,2014-11-05,,
601113,华鼎股份,3.54,4794000000.0,2011-05-09,,
600609,金杯汽车,3.54,4618000000.0,1992-07-24,,
600243,*ST海华,3.54,1554000000.0,2000-11-20,,
000723,美锦能源,3.52,15500000000.0,1997-05-15,C 制造业,
601099,太平洋,3.52,23993000000.0,2007-12-28,,
601279,英利汽车,3.51,5566000000.0,2021-04-15,,
600831,广电网络,3.51,2495000000.0,1994-02-24,,
600386,北巴传媒,3.51,2830000000.0,2001-02-16,,
002437,誉衡药业,3.5,7805000000.0,2010-06-23,C 制造业,
000090,天健集团,3.5,6540000000.000001,1999-07-21,E 建筑业,
600984,建设机械,3.5,4400000000.0,2004-07-07,,
300459,汤姆猫,3.49,12270000000.0,2015-05-15,I 信息技术,
001213,中铁特货,3.49,15511000000.000002,2021-09-08,G 运输仓储,
000536,华映科技,3.49,9653000000.0,1993-11-26,C 制造业,
601003,柳钢股份,3.49,9193000000.0,2007-02-27,,
600928,西安银行,3.48,15466999999.999998,2019-03-01,,
300081,ST恒信,3.47,2098999999.9999998,2010-05-20,I 信息技术,
002075,沙钢股份,3.47,7613000000.0,2006-10-25,C 制造业,
601326,秦港股份,3.47,19388000000.0,2017-08-16,,
300135,宝利国际,3.46,3189000000.0,2010-10-26,C 制造业,
000809,和展能源,3.46,2854000000.0,1998-06-16,C 制造业,
600016,民生银行,3.46,151487000000.0,2000-12-19,,
300451,创业慧康,3.45,5344000000.0,2015-05-14,I 信息技术,
300110,华仁药业,3.45,4079000000.0,2010-08-25,C 制造业,
000932,华菱钢铁,3.45,23642000000.0,1999-08-03,C 制造业,
002251,步步高,3.44,9249000000.0,2008-06-19,F 批发零售,
002225,濮耐股份,3.44,3988000000.0000005,2008-04-25,C 制造业,
600255,鑫科材料,3.44,6213000000.0,2000-11-22,,
600361,创新新材,3.43,12803000000.0,2001-11-29,,
600337,ST美克,3.43,4929000000.0,2000-11-27,,
000959,首钢股份,3.42,26522000000.000004,1999-12-16,C 制造业,
601778,晶科科技,3.42,12733000000.0,2020-05-19,,
300072,海新能科,3.41,8013000000.0,2010-04-27,C 制造业,
002613,北玻股份,3.41,3753000000.0,2011-08-30,C 制造业,
600681,百川能源,3.41,4572000000.0,1993-10-18,,
600400,红豆股份,3.41,7814000000.0,2001-01-08,,
601018,宁波港,3.4,66145000000.00001,2010-09-28,,
600798,宁波海运,3.39,4090000000.0,1997-04-23,,
600665,天地源,3.39,2929000000.0,1993-07-09,,
300510,金冠股份,3.38,2787000000.0,2016-05-06,C 制造业,
002523,天桥起重,3.38,4788000000.0,2010-12-10,C 制造业,
300070,碧水源,3.37,12214000000.0,2010-04-21,N 公共环保,
600496,精工钢构,3.36,6687000000.0,2002-06-05,,
002551,尚荣医疗,3.35,2832000000.0,2011-02-25,C 制造业,
600963,岳阳林纸,3.35,5888000000.0,2004-05-25,,
600261,阳光照明,3.35,4472000000.0,2000-07-20,,
600115,中国东航,3.35,73994000000.0,1997-11-05,,
000825,太钢不锈,3.34,19025000000.0,1998-10-21,C 制造业,
920090,*ST同辉,3.34,666000000.0,2021-08-09,软件和信息技术服务业,
002775,文科股份,3.33,2190000000.0,2015-06-29,E 建筑业,
002589,瑞康医药,3.32,4996000000.0,2011-06-10,F 批发零售,
300173,ST福能,3.31,2432000000.0,2011-02-01,C 制造业,
000965,天保基建,3.31,3674000000.0,2000-04-06,K 房地产,
000652,泰达股份,3.31,4830000000.0,1996-11-28,F 批发零售,
600082,ST海泰,3.31,2139000000.0,1997-06-20,,
002061,浙江交科,3.3,8722000000.0,2006-08-16,E 建筑业,
000767,晋控电力,3.29,10123000000.0,1997-06-09,D 水电煤气,
000523,红棉股份,3.29,6039000000.0,1993-11-08,C 制造业,
600308,华泰股份,3.29,4991000000.0,2000-09-28,,
600844,金煤科技,3.28,3334000000.0000005,1994-03-11,,
600666,奥瑞德,3.28,9024000000.0,1993-07-12,,
002228,合兴包装,3.27,3968000000.0,2008-05-08,C 制造业,
600448,华纺股份,3.27,2060000000.0000002,2001-09-03,,
002285,世联行,3.26,6497000000.0,2009-08-28,K 房地产,
000068,华控赛格,3.26,3282000000.0,1997-06-11,F 批发零售,
600853,龙建股份,3.26,3304999999.9999995,1994-04-04,,
600433,冠豪高新,3.26,5706000000.0,2003-06-19,,
601016,节能风电,3.25,21270000000.0,2014-09-29,,
600725,云维股份,3.25,4006000000.0,1996-07-02,,
600617,国新能源,3.24,6251000000.0,1992-10-13,,
600217,中再资环,3.24,5371000000.0,1999-12-16,,
601599,浙文影业,3.23,3749000000.0,2011-05-27,,
600339,中油工程,3.23,18034000000.0,2000-12-25,,
002596,海南瑞泽,3.22,3695000000.0000005,2011-07-07,C 制造业,
002374,中锐股份,3.22,3494000000.0,2010-03-18,C 制造业,
601515,衢州东峰,3.21,6178000000.0,2012-02-16,,
600165,宁科生物,3.21,5187000000.0,1998-05-29,,
000813,德展健康,3.2,6711000000.0,1998-05-19,C 制造业,
000615,*ST美谷,3.2,5720000000.0,1996-10-16,Q 卫生,
600800,渤海化学,3.2,3552000000.0000005,1993-12-06,,
300267,尔康制药,3.19,6580000000.0,2011-09-27,C 制造业,
002047,宝鹰股份,3.19,4837000000.0,2005-05-31,E 建筑业,
603377,ST东时,3.19,2306000000.0,2016-02-05,,
600376,首开股份,3.19,8229000000.000001,2001-03-12,,
300026,红日药业,3.18,9553000000.0,2009-10-30,C 制造业,
600794,保税科技,3.17,3804000000.0,1997-03-06,,
002263,大东南,3.16,5936000000.0,2008-07-28,C 制造业,
601388,怡球资源,3.15,6934000000.0,2012-04-23,,
600575,淮河能源,3.15,22575000000.0,2003-03-28,,
002256,兆新股份,3.14,6408000000.0,2008-06-25,D 水电煤气,
603557,*ST起步,3.14,1957999999.9999998,2017-08-18,,
000620,盈新发展,3.13,18379000000.0,1996-10-29,K 房地产,
002573,清新环境,3.11,4401000000.0,2011-04-22,N 公共环保,
002445,中南文化,3.11,7391000000.0,2010-07-13,C 制造业,
002421,达实智能,3.11,6595000000.0,2010-06-03,I 信息技术,
002662,峰璟股份,3.1,4650000000.0,2012-03-09,C 制造业,
002385,大北农,3.09,13226000000.0,2010-04-09,C 制造业,
600959,江苏有线,3.09,15452000000.000002,2015-04-28,,
300352,ST信源,3.08,4465000000.0,2012-09-12,I 信息技术,
603718,*ST海利,3.07,1992000000.0000002,2015-05-15,,
601399,国机重装,3.07,22146000000.0,2020-06-08,,
601333,广深铁路,3.06,21676000000.0,2006-12-22,,
600657,信达地产,3.06,8727000000.0,1993-05-24,,
600300,维维股份,3.06,4948000000.0,2000-06-30,,
920819,颖泰生物,3.06,3751000000.0,2020-07-27,化学原料和化学制品制造业,
600303,曙光股份,3.05,2085000000.0000002,2000-12-26,,
002489,浙江永强,3.04,6594000000.0,2010-10-21,C 制造业,
002425,凯撒文化,3.04,2908000000.0,2010-06-08,I 信息技术,
600280,中央商场,3.04,3429999999.9999995,2000-09-26,,
601228,广州港,3.03,22860000000.0,2017-03-29,,
600708,光明地产,3.03,6753000000.0,1996-06-06,,
600408,安泰集团,3.03,3051000000.0,2003-02-12,,
002060,广东建工,3.02,11338000000.0,2006-08-10,E 建筑业,
600654,中安科,3.02,8593000000.0,1990-12-19,,
000631,顺发恒能,3.0,6900000000.0,1996-11-22,K 房地产,
601933,永辉超市,3.0,26775000000.0,2010-12-15,,
601818,光大银行,3.0,177257000000.0,2010-08-18,,
300111,向日葵,2.98,3836000000.0,2010-08-27,C 制造业,
002377,国创高新,2.95,2703000000.0,2010-03-23,C 制造业,
002689,ST远智,2.93,3057000000.0,2012-07-17,C 制造业,
002307,北新路桥,2.93,4831000000.0,2009-11-11,E 建筑业,
002157,正邦科技,2.92,27010000000.000004,2007-08-17,A 农林牧渔,
002127,南极电商,2.92,7168000000.000001,2007-04-18,L 商务服务,
601106,中国一重,2.92,20025000000.0,2010-02-09,,
002822,ST中装,2.91,5674000000.0,2016-11-29,E 建筑业,
002390,信邦制药,2.91,5657000000.0,2010-04-16,F 批发零售,
601011,宝泰隆,2.91,5575000000.0,2011-03-09,,
300094,国联水产,2.9,3272000000.0,2010-07-08,C 制造业,
601996,丰林集团,2.9,3251000000.0,2011-09-29,,
600365,ST通葡,2.9,1316000000.0,2001-01-15,,
920370,新安洁,2.9,871000000.0000001,2020-07-27,公共设施管理业,
002958,青农商行,2.89,16056000000.0,2019-03-26,J 金融业,
601908,京运通,2.89,6978000000.0,2011-09-08,,
000563,陕国投Ａ,2.88,14728000000.0,1994-01-10,J 金融业,
002110,三钢闽光,2.87,6970999999.999999,2007-01-26,C 制造业,
600751,海航科技,2.87,8320999999.999999,1996-09-09,,
000816,智慧农业,2.86,4138000000.0000005,1997-08-18,C 制造业,
002309,中利集团,2.85,8572000000.0,2009-11-27,C 制造业,
601188,龙江交通,2.85,3721000000.0,2010-03-19,,
601916,浙商银行,2.84,78000000000.0,2019-11-26,,
600208,衢州发展,2.84,24165000000.0,1999-06-23,,
002133,广宇集团,2.83,2191000000.0,2007-04-27,K 房地产,
000839,国安股份,2.83,11093000000.0,1997-10-31,I 信息技术,
000629,钒钛股份,2.83,26293000000.0,1996-11-15,C 制造业,
300338,*ST开元,2.82,1135000000.0,2012-07-26,P 教育,
600248,陕建股份,2.81,10436000000.0,2000-06-22,,
300159,新研股份,2.8,9213000000.0,2011-01-07,C 制造业,
002426,胜利精密,2.8,9527000000.0,2010-06-08,C 制造业,
002005,德豪润达,2.8,4907000000.0,2004-06-25,C 制造业,
603363,傲农生物,2.8,7647000000.0,2017-09-26,,
600017,日照港,2.79,8581000000.0,2006-10-17,,
000797,中国武夷,2.78,4367000000.0,1997-07-15,K 房地产,
002109,ST兴化,2.77,3535000000.0,2007-01-26,C 制造业,
002656,摩登大道,2.76,1967000000.0000002,2012-02-28,C 制造业,
002554,惠博普,2.76,3681000000.0,2011-02-25,B 采矿业,
000056,*ST皇庭,2.76,3264000000.0,1996-07-08,L 商务服务,
601518,吉林高速,2.76,5218000000.0,2010-03-19,,
600166,福田汽车,2.76,21852000000.0,1998-06-02,,
300355,蒙草生态,2.75,4412000000.0,2012-09-27,N 公共环保,
300185,通裕重工,2.75,11100000000.0,2011-03-08,C 制造业,
600688,上海石化,2.75,28992000000.0,1993-11-08,,
000981,山子高科,2.74,27393000000.0,2000-06-22,C 制造业,
600691,潞化科技,2.74,6509999999.999999,1993-11-19,,
002486,嘉麟杰,2.73,2250000000.0,2010-10-15,C 制造业,
002122,ST汇洲,2.73,5464000000.0,2007-03-28,C 制造业,
600159,大龙地产,2.73,2266000000.0,1998-05-26,,
002622,皓宸医疗,2.72,2285000000.0,2011-10-18,Q 卫生,
600868,梅雁吉祥,2.72,5163000000.0,1994-09-12,,
600008,首创环保,2.71,19893000000.0,2000-04-27,,
300078,思创智联,2.7,3018000000.0,2010-04-30,C 制造业,
000659,珠海中富,2.7,3471000000.0,1996-12-03,C 制造业,
600965,*ST福成,2.69,2202000000.0,2004-07-13,,
600515,海南机场,2.69,30733999999.999996,2002-08-06,,
600322,津投城开,2.69,2974000000.0,2001-09-10,,
600423,*ST柳化,2.68,2141000000.0,2003-07-17,,
002356,鹏飞绿能,2.67,3501000000.0,2010-02-09,F 批发零售,
600325,华发股份,2.67,7348000000.0,2004-02-25,,
002721,金一文化,2.66,7073999999.999999,2014-01-27,C 制造业,
002102,ST能特,2.65,6403000000.0,2006-12-29,C 制造业,
600503,华丽家族,2.65,4246000000.0,2002-07-09,,
300477,ST合纵,2.64,2830000000.0,2015-06-10,C 制造业,
600807,济高发展,2.64,2335000000.0,1994-01-03,,
300256,星星科技,2.63,5966000000.0,2011-08-19,C 制造业,
000402,金 融 街,2.63,7861000000.0,1996-06-26,K 房地产,
600782,新钢股份,2.63,8338000000.0,1996-12-25,,
600067,冠城新材,2.63,3660000000.0,1997-05-08,,
002526,山东矿机,2.6,4635000000.0,2010-12-17,C 制造业,
600939,重庆建工,2.6,4946000000.0,2017-02-21,,
002021,中捷资源,2.57,3072000000.0,2004-07-15,C 制造业,
600743,华远控股,2.56,6006000000.0,1996-09-09,,
601860,紫金银行,2.53,9263000000.0,2019-01-03,,
002694,*ST顾地,2.52,1923000000.0,2012-08-16,C 制造业,
002175,*ST东智,2.5,3192000000.0,2007-10-12,C 制造业,
002514,*ST宝馨,2.49,1793000000.0,2010-12-03,C 制造业,
601618,中国中冶,2.49,51522000000.0,2009-09-21,,
600581,*ST八钢,2.49,3817000000.0,2002-08-16,,
002239,奥特佳,2.47,8678000000.0,2008-05-22,C 制造业,
000552,甘肃能化,2.47,13219000000.0,1994-01-06,B 采矿业,
600675,中华企业,2.47,14934000000.0,1993-09-24,,
002547,*ST春兴,2.45,2764000000.0,2011-02-18,C 制造业,
002247,聚力文化,2.45,2085000000.0000002,2008-06-12,C 制造业,
000927,中国铁物,2.43,14702000000.000002,1999-07-27,L 商务服务,
600808,马钢股份,2.43,18713000000.0,1994-01-06,,
600622,光大嘉宝,2.43,3644000000.0,1992-12-03,,
300091,*ST金灵,2.42,6878000000.0,2010-06-25,C 制造业,
002535,林州重机,2.42,1939999999.9999998,2011-01-11,C 制造业,
601866,中远海发,2.42,31780000000.0,2007-12-12,,
600568,ST中珠,2.41,4803000000.0,2001-05-18,,
600383,金地集团,2.41,10880000000.0,2001-04-12,,
002495,佳隆股份,2.4,2246000000.0,2010-11-02,C 制造业,
601868,中国能建,2.4,106176000000.0,2021-09-28,,
600477,杭萧钢构,2.4,5662000000.0,2003-11-10,,
002726,ST龙大,2.39,3253000000.0,2014-06-26,C 制造业,
000008,神州高铁,2.38,6465000000.000001,1992-05-07,C 制造业,
600467,好当家,2.38,3477000000.0000005,2004-04-05,,
601929,吉视传媒,2.37,8270999999.999999,2012-02-23,,
600981,苏豪汇鸿,2.37,5315000000.0,2004-06-30,,
002506,协鑫集成,2.36,13807000000.0,2010-11-18,C 制造业,
600816,建元信托,2.33,22938000000.0,1994-01-28,,
000838,*ST发展,2.31,2542000000.0,1997-06-26,K 房地产,
600759,ST洲际,2.31,9584000000.0,1996-10-08,,
000785,居然智家,2.3,14322000000.0,1997-07-11,L 商务服务,
600935,华塑股份,2.29,8231999999.999999,2021-11-26,,
000031,大悦城,2.28,9773000000.0,1993-10-08,K 房地产,
300237,ST美晨,2.27,3272999999.9999995,2011-06-29,C 制造业,
300198,*ST纳川,2.27,2342000000.0,2011-04-07,C 制造业,
002321,华英农业,2.27,4842000000.0,2009-12-16,A 农林牧渔,
002314,南山控股,2.27,6147000000.0,2009-12-03,K 房地产,
002310,东方新能,2.26,13558000000.000002,2009-11-27,D 水电煤气,
603077,和邦生物,2.22,19607000000.0,2012-07-31,,
600537,*ST亿晶,2.22,2628000000.0,2003-01-23,,
000761,本钢板材,2.21,9080000000.0,1998-01-15,C 制造业,
600533,栖霞建设,2.2,2310000000.0,2002-03-28,,
600170,上海建工,2.2,19549000000.0,1998-06-23,,
600527,江南高纤,2.19,3793000000.0,2003-11-27,,
600169,ST太重,2.18,7266000000.0,1998-09-04,,
000727,冠捷科技,2.17,9829000000.0,1997-05-20,C 制造业,
000545,金浦钛业,2.17,2141000000.0,1993-12-15,C 制造业,
600117,西宁特钢,2.17,7064000000.0,1997-10-15,,
601828,美凯龙,2.16,9404000000.0,2018-01-17,,
002306,ST云网,2.15,1870000000.0,2009-11-11,H 住宿餐饮,
603359,*ST东珠,2.15,959000000.0,2017-09-01,,
300370,安控科技,2.14,3350000000.0,2014-01-23,C 制造业,
002496,辉丰股份,2.13,3211000000.0,2010-11-09,C 制造业,
000717,中南股份,2.13,5163000000.0,1997-05-08,C 制造业,
600252,中恒集团,2.13,6781999999.999999,2000-11-30,,
000926,福星股份,2.12,3377000000.0000005,1999-06-18,K 房地产,
002210,飞马国际,2.11,5615000000.0,2008-01-30,L 商务服务,
002076,星光股份,2.11,2340000000.0,2006-10-25,C 制造业,
000488,ST晨鸣,2.11,6206000000.0,2000-11-20,C 制造业,
600871,石化油服,2.11,39999000000.0,1995-04-11,,
600076,康欣新材,2.09,2810000000.0,1997-05-26,,
600010,包钢股份,2.09,94522000000.0,2001-03-09,,
002124,天邦食品,2.07,4599000000.0,2007-04-03,A 农林牧渔,
001227,兰州银行,2.07,11790000000.0,2022-01-17,J 金融业,
002219,新里程,2.06,7111000000.0,2008-03-06,Q 卫生,
688538,和辉光电-U,2.05,28308999999.999996,,,
600512,腾达建设,2.05,3254000000.0,2002-12-26,,
002086,东方海洋,2.04,3996000000.0,2006-11-28,A 农林牧渔,
000980,众泰汽车,2.04,10287000000.0,2000-06-16,C 制造业,
000718,苏宁环球,2.04,6191000000.0,1997-04-08,K 房地产,
603030,全筑股份,2.04,2687000000.0,2015-03-20,,
000793,ST华闻,2.03,8920000000.0,1997-07-29,R 文化传播,
002470,金正大,2.02,6638000000.0,2010-09-08,C 制造业,
002305,*ST南置,2.01,3486000000.0,2009-11-06,K 房地产,
000709,河钢股份,2.01,20778000000.0,1997-04-16,C 制造业,
000517,荣安地产,2.0,6368000000.0,1993-08-06,K 房地产,
000898,鞍钢股份,1.99,18645000000.0,1997-12-25,C 制造业,
000903,ST云动,1.96,3764000000.0,1999-04-15,C 制造业,
600734,*ST实达,1.93,4204000000.0,1996-08-08,,
300197,节能铁汉,1.92,5693000000.0,2011-03-29,N 公共环保,
601718,ST际华,1.92,8373000000.0,2010-08-16,,
002607,中公教育,1.88,11595000000.0,2011-08-10,P 教育,
000897,津滨发展,1.88,3040000000.0,1999-04-22,K 房地产,
600439,ST瑞贝卡,1.86,2105000000.0,2003-07-10,,
300266,兴源环境,1.85,2875000000.0,2011-09-27,N 公共环保,
600881,亚泰集团,1.85,5979000000.0,1995-11-15,,
000069,华侨城Ａ,1.84,14788999999.999998,1997-09-10,K 房地产,
000677,ST海龙,1.8,1555000000.0,1996-12-26,C 制造业,
000826,*ST启环,1.78,2537000000.0,1998-02-25,N 公共环保,
600653,申华控股,1.76,3426000000.0,1990-12-19,,
601588,北辰实业,1.75,5892000000.0,2006-10-16,,
600569,安阳钢铁,1.74,4998000000.0,2001-08-20,,
002936,郑州银行,1.71,15547000000.0,2018-09-19,J 金融业,
002663,普邦股份,1.7,2930000000.0,2012-03-16,E 建筑业,
600715,文投控股,1.69,6861000000.0,1996-07-01,,
300027,ST华谊,1.68,4661000000.0,2009-10-30,R 文化传播,
600231,凌钢股份,1.65,4739000000.0,2000-05-11,,
002542,*ST中岩,1.63,2944000000.0,2011-01-28,E 建筑业,
600491,ST龙元,1.62,2478000000.0,2004-05-24,,
300152,*ST动力,1.61,1148000000.0,2010-12-29,C 制造业,
002630,*ST华西,1.59,1877000000.0,2011-11-11,C 制造业,
002217,ST合力泰,1.56,11668000000.0,2008-02-20,C 制造业,
000078,ST海王,1.55,4078000000.0,1998-12-18,F 批发零售,
600180,*ST瑞茂,1.55,1684000000.0,1998-07-03,,
000639,ST西王,1.53,1652000000.0,1996-11-26,C 制造业,
000882,华联股份,1.5,4106000000.0,1998-06-16,L 商务服务,
000010,*ST美丽,1.5,1723999999.9999998,1995-10-27,E 建筑业,
000564,供销大集,1.48,26726000000.0,1994-01-10,F 批发零售,
600136,ST明诚,1.48,3020000000.0,1998-03-03,,
600370,*ST三房,1.47,5913000000.0,2003-03-06,,
600157,永泰能源,1.47,32072000000.000004,1998-05-13,,
601880,辽港股份,1.45,34179000000.000004,2010-12-06,,
600307,酒钢宏兴,1.45,9082000000.0,2000-12-20,,
600239,ST云城,1.44,2312000000.0,1999-12-02,,
601010,ST文峰,1.43,2586000000.0,2011-06-03,,
600606,绿地控股,1.43,20098000000.0,1992-03-27,,
920023,*ST田野,1.42,465000000.00000006,2023-02-02,酒、饮料和精制茶制造业,
601992,金隅集团,1.4,14949000000.0,2011-03-01,,
002269,美邦服饰,1.39,3492000000.0,2008-08-28,C 制造业,
002482,广田集团,1.33,4989000000.0,2010-09-29,E 建筑业,
600518,康美药业,1.33,18392000000.0,2001-03-19,,
600567,山鹰国际,1.32,8191000000.0,2001-12-18,,
002431,ST棕榈,1.31,2361000000.0,2010-06-10,E 建筑业,
002501,*ST利源,1.3,4615000000.0,2010-11-17,C 制造业,
600022,山东钢铁,1.28,13694999999.999998,2004-06-29,,
600187,*ST国中,1.27,2050000000.0,1998-11-11,,
002323,*ST雅博,1.25,2651000000.0,2009-12-18,E 建筑业,
000656,金科股份,1.23,13024000000.0,1996-11-28,K 房地产,
600221,海航控股,1.22,52723000000.0,1999-11-25,,
002146,荣盛发展,1.2,5218000000.0,2007-08-08,K 房地产,
601005,重庆钢铁,1.2,11531000000.0,2007-02-28,,
600340,*ST华幸,1.17,4555000000.0,2003-12-30,,
688121,*ST卓然,1.16,271000000.0,,,
002024,ST易购,1.15,10654000000.0,2004-07-21,F 批发零售,
002717,*ST岭南,0.85,1547000000.0,2014-02-19,N 公共环保,
603400,华之杰,54.67,7098000000.0,2025-06-20,,
605303,园林股份,23.68,3818000000.0,2021-03-01,,
002860,星帅尔,18.39,6476000000.000001,2017-04-12,C 制造业,
601059,信达证券,15.56,50461000000.0,2023-02-01,,
601198,东兴证券,13.06,42216000000.0,2015-02-26,,
300096,ST易联众,9.02,3879000000.0,2010-07-28,I 信息技术,
300082,奥克股份,8.58,5835000000.0,2010-05-20,C 制造业,
601238,广汽集团,5.09,51903000000.0,2012-03-29,,
301139,*ST元道,3.31,401999999.99999994,2022-07-08,I 信息技术,
000016,*ST康佳A,2.46,5924000000.0,1992-03-27,C 制造业,
002731,*ST萃华,0.77,197000000.0,2014-11-04,C 制造业,
688496,*ST清越,0.58,261000000.0,,,
